"","L_ppi","Method","bs","state","state_ind"
"1",13,"MAP","0.01","alabama",1
"2",66,"MAP","0.01","alabama",1
"3",69,"MAP","0.01","alabama",1
"4",124,"MAP","0.01","alabama",1
"5",17,"MAP","0.001","alabama",1
"6",29,"MAP","0.001","alabama",1
"7",53,"MAP","0.001","alabama",1
"8",66,"MAP","0.001","alabama",1
"9",69,"MAP","0.001","alabama",1
"10",84,"MAP","0.001","alabama",1
"11",124,"MAP","0.001","alabama",1
"12",125,"MAP","0.001","alabama",1
"13",145,"MAP","0.001","alabama",1
"14",16,"MAP","0.0001","alabama",1
"15",32,"MAP","0.0001","alabama",1
"16",48,"MAP","0.0001","alabama",1
"17",56,"MAP","0.0001","alabama",1
"18",66,"MAP","0.0001","alabama",1
"19",69,"MAP","0.0001","alabama",1
"20",96,"MAP","0.0001","alabama",1
"21",104,"MAP","0.0001","alabama",1
"22",122,"MAP","0.0001","alabama",1
"23",126,"MAP","0.0001","alabama",1
"24",145,"MAP","0.0001","alabama",1
"25",7,"MAP","0.00001","alabama",1
"26",16,"MAP","0.00001","alabama",1
"27",31,"MAP","0.00001","alabama",1
"28",49,"MAP","0.00001","alabama",1
"29",56,"MAP","0.00001","alabama",1
"30",57,"MAP","0.00001","alabama",1
"31",62,"MAP","0.00001","alabama",1
"32",66,"MAP","0.00001","alabama",1
"33",69,"MAP","0.00001","alabama",1
"34",75,"MAP","0.00001","alabama",1
"35",88,"MAP","0.00001","alabama",1
"36",93,"MAP","0.00001","alabama",1
"37",98,"MAP","0.00001","alabama",1
"38",104,"MAP","0.00001","alabama",1
"39",109,"MAP","0.00001","alabama",1
"40",116,"MAP","0.00001","alabama",1
"41",123,"MAP","0.00001","alabama",1
"42",125,"MAP","0.00001","alabama",1
"43",129,"MAP","0.00001","alabama",1
"44",137,"MAP","0.00001","alabama",1
"45",140,"MAP","0.00001","alabama",1
"46",144,"MAP","0.00001","alabama",1
"47",30,"MAP","0.01","arizona",2
"48",31,"MAP","0.01","arizona",2
"49",32,"MAP","0.01","arizona",2
"50",35,"MAP","0.01","arizona",2
"51",17,"MAP","0.001","arizona",2
"52",31,"MAP","0.001","arizona",2
"53",32,"MAP","0.001","arizona",2
"54",35,"MAP","0.001","arizona",2
"55",69,"MAP","0.001","arizona",2
"56",17,"MAP","0.0001","arizona",2
"57",27,"MAP","0.0001","arizona",2
"58",30,"MAP","0.0001","arizona",2
"59",31,"MAP","0.0001","arizona",2
"60",32,"MAP","0.0001","arizona",2
"61",34,"MAP","0.0001","arizona",2
"62",36,"MAP","0.0001","arizona",2
"63",44,"MAP","0.0001","arizona",2
"64",51,"MAP","0.0001","arizona",2
"65",75,"MAP","0.0001","arizona",2
"66",81,"MAP","0.0001","arizona",2
"67",17,"MAP","0.00001","arizona",2
"68",19,"MAP","0.00001","arizona",2
"69",25,"MAP","0.00001","arizona",2
"70",28,"MAP","0.00001","arizona",2
"71",30,"MAP","0.00001","arizona",2
"72",31,"MAP","0.00001","arizona",2
"73",32,"MAP","0.00001","arizona",2
"74",34,"MAP","0.00001","arizona",2
"75",35,"MAP","0.00001","arizona",2
"76",38,"MAP","0.00001","arizona",2
"77",42,"MAP","0.00001","arizona",2
"78",45,"MAP","0.00001","arizona",2
"79",48,"MAP","0.00001","arizona",2
"80",53,"MAP","0.00001","arizona",2
"81",59,"MAP","0.00001","arizona",2
"82",65,"MAP","0.00001","arizona",2
"83",74,"MAP","0.00001","arizona",2
"84",81,"MAP","0.00001","arizona",2
"85",23,"MAP","0.01","arkansas",3
"86",25,"MAP","0.01","arkansas",3
"87",54,"MAP","0.01","arkansas",3
"88",224,"MAP","0.01","arkansas",3
"89",23,"MAP","0.001","arkansas",3
"90",25,"MAP","0.001","arkansas",3
"91",42,"MAP","0.001","arkansas",3
"92",51,"MAP","0.001","arkansas",3
"93",56,"MAP","0.001","arkansas",3
"94",195,"MAP","0.001","arkansas",3
"95",254,"MAP","0.001","arkansas",3
"96",1,"MAP","0.0001","arkansas",3
"97",4,"MAP","0.0001","arkansas",3
"98",19,"MAP","0.0001","arkansas",3
"99",25,"MAP","0.0001","arkansas",3
"100",40,"MAP","0.0001","arkansas",3
"101",44,"MAP","0.0001","arkansas",3
"102",51,"MAP","0.0001","arkansas",3
"103",57,"MAP","0.0001","arkansas",3
"104",99,"MAP","0.0001","arkansas",3
"105",104,"MAP","0.0001","arkansas",3
"106",205,"MAP","0.0001","arkansas",3
"107",247,"MAP","0.0001","arkansas",3
"108",253,"MAP","0.0001","arkansas",3
"109",1,"MAP","0.00001","arkansas",3
"110",2,"MAP","0.00001","arkansas",3
"111",19,"MAP","0.00001","arkansas",3
"112",24,"MAP","0.00001","arkansas",3
"113",25,"MAP","0.00001","arkansas",3
"114",38,"MAP","0.00001","arkansas",3
"115",43,"MAP","0.00001","arkansas",3
"116",51,"MAP","0.00001","arkansas",3
"117",55,"MAP","0.00001","arkansas",3
"118",58,"MAP","0.00001","arkansas",3
"119",72,"MAP","0.00001","arkansas",3
"120",76,"MAP","0.00001","arkansas",3
"121",86,"MAP","0.00001","arkansas",3
"122",90,"MAP","0.00001","arkansas",3
"123",96,"MAP","0.00001","arkansas",3
"124",99,"MAP","0.00001","arkansas",3
"125",108,"MAP","0.00001","arkansas",3
"126",118,"MAP","0.00001","arkansas",3
"127",121,"MAP","0.00001","arkansas",3
"128",135,"MAP","0.00001","arkansas",3
"129",138,"MAP","0.00001","arkansas",3
"130",143,"MAP","0.00001","arkansas",3
"131",151,"MAP","0.00001","arkansas",3
"132",168,"MAP","0.00001","arkansas",3
"133",171,"MAP","0.00001","arkansas",3
"134",174,"MAP","0.00001","arkansas",3
"135",182,"MAP","0.00001","arkansas",3
"136",185,"MAP","0.00001","arkansas",3
"137",200,"MAP","0.00001","arkansas",3
"138",202,"MAP","0.00001","arkansas",3
"139",217,"MAP","0.00001","arkansas",3
"140",221,"MAP","0.00001","arkansas",3
"141",225,"MAP","0.00001","arkansas",3
"142",232,"MAP","0.00001","arkansas",3
"143",235,"MAP","0.00001","arkansas",3
"144",240,"MAP","0.00001","arkansas",3
"145",255,"MAP","0.00001","arkansas",3
"146",5,"MAP","0.01","california",4
"147",54,"MAP","0.01","california",4
"148",56,"MAP","0.01","california",4
"149",147,"MAP","0.01","california",4
"150",407,"MAP","0.01","california",4
"151",432,"MAP","0.01","california",4
"152",5,"MAP","0.001","california",4
"153",51,"MAP","0.001","california",4
"154",56,"MAP","0.001","california",4
"155",91,"MAP","0.001","california",4
"156",144,"MAP","0.001","california",4
"157",240,"MAP","0.001","california",4
"158",246,"MAP","0.001","california",4
"159",375,"MAP","0.001","california",4
"160",432,"MAP","0.001","california",4
"161",1,"MAP","0.0001","california",4
"162",4,"MAP","0.0001","california",4
"163",17,"MAP","0.0001","california",4
"164",40,"MAP","0.0001","california",4
"165",49,"MAP","0.0001","california",4
"166",56,"MAP","0.0001","california",4
"167",87,"MAP","0.0001","california",4
"168",130,"MAP","0.0001","california",4
"169",141,"MAP","0.0001","california",4
"170",152,"MAP","0.0001","california",4
"171",193,"MAP","0.0001","california",4
"172",206,"MAP","0.0001","california",4
"173",223,"MAP","0.0001","california",4
"174",242,"MAP","0.0001","california",4
"175",271,"MAP","0.0001","california",4
"176",303,"MAP","0.0001","california",4
"177",330,"MAP","0.0001","california",4
"178",375,"MAP","0.0001","california",4
"179",387,"MAP","0.0001","california",4
"180",403,"MAP","0.0001","california",4
"181",416,"MAP","0.0001","california",4
"182",432,"MAP","0.0001","california",4
"183",1,"MAP","0.00001","california",4
"184",4,"MAP","0.00001","california",4
"185",6,"MAP","0.00001","california",4
"186",19,"MAP","0.00001","california",4
"187",23,"MAP","0.00001","california",4
"188",38,"MAP","0.00001","california",4
"189",50,"MAP","0.00001","california",4
"190",56,"MAP","0.00001","california",4
"191",85,"MAP","0.00001","california",4
"192",96,"MAP","0.00001","california",4
"193",104,"MAP","0.00001","california",4
"194",111,"MAP","0.00001","california",4
"195",117,"MAP","0.00001","california",4
"196",130,"MAP","0.00001","california",4
"197",139,"MAP","0.00001","california",4
"198",141,"MAP","0.00001","california",4
"199",153,"MAP","0.00001","california",4
"200",188,"MAP","0.00001","california",4
"201",193,"MAP","0.00001","california",4
"202",204,"MAP","0.00001","california",4
"203",223,"MAP","0.00001","california",4
"204",240,"MAP","0.00001","california",4
"205",248,"MAP","0.00001","california",4
"206",255,"MAP","0.00001","california",4
"207",267,"MAP","0.00001","california",4
"208",285,"MAP","0.00001","california",4
"209",296,"MAP","0.00001","california",4
"210",307,"MAP","0.00001","california",4
"211",327,"MAP","0.00001","california",4
"212",350,"MAP","0.00001","california",4
"213",354,"MAP","0.00001","california",4
"214",376,"MAP","0.00001","california",4
"215",387,"MAP","0.00001","california",4
"216",402,"MAP","0.00001","california",4
"217",416,"MAP","0.00001","california",4
"218",430,"MAP","0.00001","california",4
"219",3,"MAP","0.01","colorado",5
"220",11,"MAP","0.01","colorado",5
"221",12,"MAP","0.01","colorado",5
"222",19,"MAP","0.01","colorado",5
"223",3,"MAP","0.001","colorado",5
"224",11,"MAP","0.001","colorado",5
"225",12,"MAP","0.001","colorado",5
"226",16,"MAP","0.001","colorado",5
"227",3,"MAP","0.0001","colorado",5
"228",11,"MAP","0.0001","colorado",5
"229",12,"MAP","0.0001","colorado",5
"230",16,"MAP","0.0001","colorado",5
"231",3,"MAP","0.00001","colorado",5
"232",11,"MAP","0.00001","colorado",5
"233",12,"MAP","0.00001","colorado",5
"234",16,"MAP","0.00001","colorado",5
"235",1,"MAP","0.01","connecticut",6
"236",11,"MAP","0.01","connecticut",6
"237",13,"MAP","0.01","connecticut",6
"238",70,"MAP","0.01","connecticut",6
"239",1,"MAP","0.001","connecticut",6
"240",11,"MAP","0.001","connecticut",6
"241",18,"MAP","0.001","connecticut",6
"242",46,"MAP","0.001","connecticut",6
"243",69,"MAP","0.001","connecticut",6
"244",1,"MAP","0.0001","connecticut",6
"245",11,"MAP","0.0001","connecticut",6
"246",13,"MAP","0.0001","connecticut",6
"247",20,"MAP","0.0001","connecticut",6
"248",46,"MAP","0.0001","connecticut",6
"249",69,"MAP","0.0001","connecticut",6
"250",71,"MAP","0.0001","connecticut",6
"251",72,"MAP","0.0001","connecticut",6
"252",1,"MAP","0.00001","connecticut",6
"253",4,"MAP","0.00001","connecticut",6
"254",5,"MAP","0.00001","connecticut",6
"255",10,"MAP","0.00001","connecticut",6
"256",13,"MAP","0.00001","connecticut",6
"257",15,"MAP","0.00001","connecticut",6
"258",18,"MAP","0.00001","connecticut",6
"259",32,"MAP","0.00001","connecticut",6
"260",33,"MAP","0.00001","connecticut",6
"261",37,"MAP","0.00001","connecticut",6
"262",46,"MAP","0.00001","connecticut",6
"263",47,"MAP","0.00001","connecticut",6
"264",55,"MAP","0.00001","connecticut",6
"265",62,"MAP","0.00001","connecticut",6
"266",67,"MAP","0.00001","connecticut",6
"267",70,"MAP","0.00001","connecticut",6
"268",71,"MAP","0.00001","connecticut",6
"269",72,"MAP","0.00001","connecticut",6
"270",73,"MAP","0.00001","connecticut",6
"271",18,"MAP","0.01","delaware",7
"272",74,"MAP","0.01","delaware",7
"273",75,"MAP","0.01","delaware",7
"274",1,"MAP","0.001","delaware",7
"275",9,"MAP","0.001","delaware",7
"276",21,"MAP","0.001","delaware",7
"277",51,"MAP","0.001","delaware",7
"278",65,"MAP","0.001","delaware",7
"279",75,"MAP","0.001","delaware",7
"280",1,"MAP","0.0001","delaware",7
"281",7,"MAP","0.0001","delaware",7
"282",12,"MAP","0.0001","delaware",7
"283",17,"MAP","0.0001","delaware",7
"284",23,"MAP","0.0001","delaware",7
"285",28,"MAP","0.0001","delaware",7
"286",38,"MAP","0.0001","delaware",7
"287",45,"MAP","0.0001","delaware",7
"288",47,"MAP","0.0001","delaware",7
"289",52,"MAP","0.0001","delaware",7
"290",59,"MAP","0.0001","delaware",7
"291",63,"MAP","0.0001","delaware",7
"292",71,"MAP","0.0001","delaware",7
"293",74,"MAP","0.0001","delaware",7
"294",75,"MAP","0.0001","delaware",7
"295",1,"MAP","0.00001","delaware",7
"296",6,"MAP","0.00001","delaware",7
"297",8,"MAP","0.00001","delaware",7
"298",12,"MAP","0.00001","delaware",7
"299",13,"MAP","0.00001","delaware",7
"300",17,"MAP","0.00001","delaware",7
"301",23,"MAP","0.00001","delaware",7
"302",28,"MAP","0.00001","delaware",7
"303",30,"MAP","0.00001","delaware",7
"304",33,"MAP","0.00001","delaware",7
"305",35,"MAP","0.00001","delaware",7
"306",38,"MAP","0.00001","delaware",7
"307",41,"MAP","0.00001","delaware",7
"308",45,"MAP","0.00001","delaware",7
"309",48,"MAP","0.00001","delaware",7
"310",51,"MAP","0.00001","delaware",7
"311",55,"MAP","0.00001","delaware",7
"312",57,"MAP","0.00001","delaware",7
"313",59,"MAP","0.00001","delaware",7
"314",62,"MAP","0.00001","delaware",7
"315",64,"MAP","0.00001","delaware",7
"316",72,"MAP","0.00001","delaware",7
"317",74,"MAP","0.00001","delaware",7
"318",75,"MAP","0.00001","delaware",7
"319",1,"MAP","0.01","district of columbia",8
"320",2,"MAP","0.01","district of columbia",8
"321",3,"MAP","0.01","district of columbia",8
"322",4,"MAP","0.01","district of columbia",8
"323",5,"MAP","0.01","district of columbia",8
"324",6,"MAP","0.01","district of columbia",8
"325",7,"MAP","0.01","district of columbia",8
"326",8,"MAP","0.01","district of columbia",8
"327",1,"MAP","0.001","district of columbia",8
"328",2,"MAP","0.001","district of columbia",8
"329",3,"MAP","0.001","district of columbia",8
"330",4,"MAP","0.001","district of columbia",8
"331",5,"MAP","0.001","district of columbia",8
"332",6,"MAP","0.001","district of columbia",8
"333",7,"MAP","0.001","district of columbia",8
"334",8,"MAP","0.001","district of columbia",8
"335",1,"MAP","0.0001","district of columbia",8
"336",2,"MAP","0.0001","district of columbia",8
"337",3,"MAP","0.0001","district of columbia",8
"338",4,"MAP","0.0001","district of columbia",8
"339",5,"MAP","0.0001","district of columbia",8
"340",6,"MAP","0.0001","district of columbia",8
"341",7,"MAP","0.0001","district of columbia",8
"342",8,"MAP","0.0001","district of columbia",8
"343",1,"MAP","0.00001","district of columbia",8
"344",2,"MAP","0.00001","district of columbia",8
"345",3,"MAP","0.00001","district of columbia",8
"346",4,"MAP","0.00001","district of columbia",8
"347",5,"MAP","0.00001","district of columbia",8
"348",6,"MAP","0.00001","district of columbia",8
"349",7,"MAP","0.00001","district of columbia",8
"350",8,"MAP","0.00001","district of columbia",8
"351",52,"MAP","0.01","florida",9
"352",131,"MAP","0.01","florida",9
"353",176,"MAP","0.01","florida",9
"354",466,"MAP","0.01","florida",9
"355",690,"MAP","0.01","florida",9
"356",46,"MAP","0.001","florida",9
"357",115,"MAP","0.001","florida",9
"358",149,"MAP","0.001","florida",9
"359",188,"MAP","0.001","florida",9
"360",294,"MAP","0.001","florida",9
"361",429,"MAP","0.001","florida",9
"362",487,"MAP","0.001","florida",9
"363",534,"MAP","0.001","florida",9
"364",639,"MAP","0.001","florida",9
"365",718,"MAP","0.001","florida",9
"366",730,"MAP","0.001","florida",9
"367",22,"MAP","0.0001","florida",9
"368",30,"MAP","0.0001","florida",9
"369",47,"MAP","0.0001","florida",9
"370",115,"MAP","0.0001","florida",9
"371",123,"MAP","0.0001","florida",9
"372",154,"MAP","0.0001","florida",9
"373",189,"MAP","0.0001","florida",9
"374",298,"MAP","0.0001","florida",9
"375",322,"MAP","0.0001","florida",9
"376",349,"MAP","0.0001","florida",9
"377",421,"MAP","0.0001","florida",9
"378",486,"MAP","0.0001","florida",9
"379",537,"MAP","0.0001","florida",9
"380",587,"MAP","0.0001","florida",9
"381",645,"MAP","0.0001","florida",9
"382",713,"MAP","0.0001","florida",9
"383",736,"MAP","0.0001","florida",9
"384",1,"MAP","0.00001","florida",9
"385",9,"MAP","0.00001","florida",9
"386",13,"MAP","0.00001","florida",9
"387",20,"MAP","0.00001","florida",9
"388",27,"MAP","0.00001","florida",9
"389",35,"MAP","0.00001","florida",9
"390",52,"MAP","0.00001","florida",9
"391",62,"MAP","0.00001","florida",9
"392",114,"MAP","0.00001","florida",9
"393",131,"MAP","0.00001","florida",9
"394",154,"MAP","0.00001","florida",9
"395",176,"MAP","0.00001","florida",9
"396",182,"MAP","0.00001","florida",9
"397",191,"MAP","0.00001","florida",9
"398",219,"MAP","0.00001","florida",9
"399",230,"MAP","0.00001","florida",9
"400",235,"MAP","0.00001","florida",9
"401",248,"MAP","0.00001","florida",9
"402",264,"MAP","0.00001","florida",9
"403",269,"MAP","0.00001","florida",9
"404",274,"MAP","0.00001","florida",9
"405",281,"MAP","0.00001","florida",9
"406",298,"MAP","0.00001","florida",9
"407",323,"MAP","0.00001","florida",9
"408",326,"MAP","0.00001","florida",9
"409",333,"MAP","0.00001","florida",9
"410",348,"MAP","0.00001","florida",9
"411",366,"MAP","0.00001","florida",9
"412",381,"MAP","0.00001","florida",9
"413",408,"MAP","0.00001","florida",9
"414",433,"MAP","0.00001","florida",9
"415",439,"MAP","0.00001","florida",9
"416",482,"MAP","0.00001","florida",9
"417",492,"MAP","0.00001","florida",9
"418",504,"MAP","0.00001","florida",9
"419",506,"MAP","0.00001","florida",9
"420",538,"MAP","0.00001","florida",9
"421",562,"MAP","0.00001","florida",9
"422",596,"MAP","0.00001","florida",9
"423",601,"MAP","0.00001","florida",9
"424",618,"MAP","0.00001","florida",9
"425",633,"MAP","0.00001","florida",9
"426",637,"MAP","0.00001","florida",9
"427",660,"MAP","0.00001","florida",9
"428",670,"MAP","0.00001","florida",9
"429",689,"MAP","0.00001","florida",9
"430",699,"MAP","0.00001","florida",9
"431",706,"MAP","0.00001","florida",9
"432",718,"MAP","0.00001","florida",9
"433",735,"MAP","0.00001","florida",9
"434",1,"MAP","0.01","georgia",10
"435",139,"MAP","0.01","georgia",10
"436",148,"MAP","0.01","georgia",10
"437",211,"MAP","0.01","georgia",10
"438",220,"MAP","0.01","georgia",10
"439",5,"MAP","0.001","georgia",10
"440",115,"MAP","0.001","georgia",10
"441",147,"MAP","0.001","georgia",10
"442",148,"MAP","0.001","georgia",10
"443",211,"MAP","0.001","georgia",10
"444",220,"MAP","0.001","georgia",10
"445",280,"MAP","0.001","georgia",10
"446",79,"MAP","0.0001","georgia",10
"447",84,"MAP","0.0001","georgia",10
"448",112,"MAP","0.0001","georgia",10
"449",125,"MAP","0.0001","georgia",10
"450",135,"MAP","0.0001","georgia",10
"451",149,"MAP","0.0001","georgia",10
"452",163,"MAP","0.0001","georgia",10
"453",182,"MAP","0.0001","georgia",10
"454",184,"MAP","0.0001","georgia",10
"455",211,"MAP","0.0001","georgia",10
"456",215,"MAP","0.0001","georgia",10
"457",221,"MAP","0.0001","georgia",10
"458",236,"MAP","0.0001","georgia",10
"459",280,"MAP","0.0001","georgia",10
"460",299,"MAP","0.0001","georgia",10
"461",302,"MAP","0.0001","georgia",10
"462",2,"MAP","0.00001","georgia",10
"463",14,"MAP","0.00001","georgia",10
"464",19,"MAP","0.00001","georgia",10
"465",27,"MAP","0.00001","georgia",10
"466",34,"MAP","0.00001","georgia",10
"467",39,"MAP","0.00001","georgia",10
"468",46,"MAP","0.00001","georgia",10
"469",57,"MAP","0.00001","georgia",10
"470",59,"MAP","0.00001","georgia",10
"471",69,"MAP","0.00001","georgia",10
"472",76,"MAP","0.00001","georgia",10
"473",84,"MAP","0.00001","georgia",10
"474",104,"MAP","0.00001","georgia",10
"475",111,"MAP","0.00001","georgia",10
"476",123,"MAP","0.00001","georgia",10
"477",130,"MAP","0.00001","georgia",10
"478",137,"MAP","0.00001","georgia",10
"479",141,"MAP","0.00001","georgia",10
"480",145,"MAP","0.00001","georgia",10
"481",149,"MAP","0.00001","georgia",10
"482",163,"MAP","0.00001","georgia",10
"483",181,"MAP","0.00001","georgia",10
"484",187,"MAP","0.00001","georgia",10
"485",204,"MAP","0.00001","georgia",10
"486",211,"MAP","0.00001","georgia",10
"487",216,"MAP","0.00001","georgia",10
"488",222,"MAP","0.00001","georgia",10
"489",234,"MAP","0.00001","georgia",10
"490",244,"MAP","0.00001","georgia",10
"491",259,"MAP","0.00001","georgia",10
"492",263,"MAP","0.00001","georgia",10
"493",274,"MAP","0.00001","georgia",10
"494",287,"MAP","0.00001","georgia",10
"495",291,"MAP","0.00001","georgia",10
"496",299,"MAP","0.00001","georgia",10
"497",1,"MAP","0.01","idaho",11
"498",53,"MAP","0.01","idaho",11
"499",155,"MAP","0.01","idaho",11
"500",188,"MAP","0.01","idaho",11
"501",1,"MAP","0.001","idaho",11
"502",44,"MAP","0.001","idaho",11
"503",53,"MAP","0.001","idaho",11
"504",55,"MAP","0.001","idaho",11
"505",97,"MAP","0.001","idaho",11
"506",111,"MAP","0.001","idaho",11
"507",149,"MAP","0.001","idaho",11
"508",188,"MAP","0.001","idaho",11
"509",189,"MAP","0.001","idaho",11
"510",1,"MAP","0.0001","idaho",11
"511",9,"MAP","0.0001","idaho",11
"512",16,"MAP","0.0001","idaho",11
"513",37,"MAP","0.0001","idaho",11
"514",46,"MAP","0.0001","idaho",11
"515",53,"MAP","0.0001","idaho",11
"516",54,"MAP","0.0001","idaho",11
"517",55,"MAP","0.0001","idaho",11
"518",82,"MAP","0.0001","idaho",11
"519",92,"MAP","0.0001","idaho",11
"520",118,"MAP","0.0001","idaho",11
"521",127,"MAP","0.0001","idaho",11
"522",151,"MAP","0.0001","idaho",11
"523",181,"MAP","0.0001","idaho",11
"524",189,"MAP","0.0001","idaho",11
"525",1,"MAP","0.00001","idaho",11
"526",9,"MAP","0.00001","idaho",11
"527",16,"MAP","0.00001","idaho",11
"528",36,"MAP","0.00001","idaho",11
"529",46,"MAP","0.00001","idaho",11
"530",53,"MAP","0.00001","idaho",11
"531",54,"MAP","0.00001","idaho",11
"532",55,"MAP","0.00001","idaho",11
"533",67,"MAP","0.00001","idaho",11
"534",87,"MAP","0.00001","idaho",11
"535",93,"MAP","0.00001","idaho",11
"536",103,"MAP","0.00001","idaho",11
"537",109,"MAP","0.00001","idaho",11
"538",117,"MAP","0.00001","idaho",11
"539",121,"MAP","0.00001","idaho",11
"540",127,"MAP","0.00001","idaho",11
"541",128,"MAP","0.00001","idaho",11
"542",144,"MAP","0.00001","idaho",11
"543",146,"MAP","0.00001","idaho",11
"544",151,"MAP","0.00001","idaho",11
"545",169,"MAP","0.00001","idaho",11
"546",179,"MAP","0.00001","idaho",11
"547",188,"MAP","0.00001","idaho",11
"548",189,"MAP","0.00001","idaho",11
"549",2,"MAP","0.01","illinois",12
"550",34,"MAP","0.01","illinois",12
"551",111,"MAP","0.01","illinois",12
"552",204,"MAP","0.01","illinois",12
"553",260,"MAP","0.01","illinois",12
"554",2,"MAP","0.001","illinois",12
"555",32,"MAP","0.001","illinois",12
"556",97,"MAP","0.001","illinois",12
"557",110,"MAP","0.001","illinois",12
"558",158,"MAP","0.001","illinois",12
"559",163,"MAP","0.001","illinois",12
"560",200,"MAP","0.001","illinois",12
"561",231,"MAP","0.001","illinois",12
"562",255,"MAP","0.001","illinois",12
"563",269,"MAP","0.001","illinois",12
"564",2,"MAP","0.0001","illinois",12
"565",13,"MAP","0.0001","illinois",12
"566",35,"MAP","0.0001","illinois",12
"567",57,"MAP","0.0001","illinois",12
"568",81,"MAP","0.0001","illinois",12
"569",85,"MAP","0.0001","illinois",12
"570",95,"MAP","0.0001","illinois",12
"571",104,"MAP","0.0001","illinois",12
"572",119,"MAP","0.0001","illinois",12
"573",137,"MAP","0.0001","illinois",12
"574",155,"MAP","0.0001","illinois",12
"575",170,"MAP","0.0001","illinois",12
"576",179,"MAP","0.0001","illinois",12
"577",187,"MAP","0.0001","illinois",12
"578",199,"MAP","0.0001","illinois",12
"579",214,"MAP","0.0001","illinois",12
"580",226,"MAP","0.0001","illinois",12
"581",236,"MAP","0.0001","illinois",12
"582",245,"MAP","0.0001","illinois",12
"583",256,"MAP","0.0001","illinois",12
"584",268,"MAP","0.0001","illinois",12
"585",2,"MAP","0.00001","illinois",12
"586",6,"MAP","0.00001","illinois",12
"587",15,"MAP","0.00001","illinois",12
"588",23,"MAP","0.00001","illinois",12
"589",33,"MAP","0.00001","illinois",12
"590",57,"MAP","0.00001","illinois",12
"591",61,"MAP","0.00001","illinois",12
"592",65,"MAP","0.00001","illinois",12
"593",76,"MAP","0.00001","illinois",12
"594",79,"MAP","0.00001","illinois",12
"595",87,"MAP","0.00001","illinois",12
"596",96,"MAP","0.00001","illinois",12
"597",104,"MAP","0.00001","illinois",12
"598",118,"MAP","0.00001","illinois",12
"599",126,"MAP","0.00001","illinois",12
"600",130,"MAP","0.00001","illinois",12
"601",136,"MAP","0.00001","illinois",12
"602",155,"MAP","0.00001","illinois",12
"603",169,"MAP","0.00001","illinois",12
"604",172,"MAP","0.00001","illinois",12
"605",178,"MAP","0.00001","illinois",12
"606",186,"MAP","0.00001","illinois",12
"607",197,"MAP","0.00001","illinois",12
"608",204,"MAP","0.00001","illinois",12
"609",216,"MAP","0.00001","illinois",12
"610",221,"MAP","0.00001","illinois",12
"611",228,"MAP","0.00001","illinois",12
"612",233,"MAP","0.00001","illinois",12
"613",237,"MAP","0.00001","illinois",12
"614",244,"MAP","0.00001","illinois",12
"615",253,"MAP","0.00001","illinois",12
"616",258,"MAP","0.00001","illinois",12
"617",269,"MAP","0.00001","illinois",12
"618",65,"MAP","0.01","indiana",13
"619",69,"MAP","0.01","indiana",13
"620",111,"MAP","0.01","indiana",13
"621",200,"MAP","0.01","indiana",13
"622",3,"MAP","0.001","indiana",13
"623",43,"MAP","0.001","indiana",13
"624",61,"MAP","0.001","indiana",13
"625",68,"MAP","0.001","indiana",13
"626",77,"MAP","0.001","indiana",13
"627",121,"MAP","0.001","indiana",13
"628",3,"MAP","0.0001","indiana",13
"629",20,"MAP","0.0001","indiana",13
"630",41,"MAP","0.0001","indiana",13
"631",51,"MAP","0.0001","indiana",13
"632",61,"MAP","0.0001","indiana",13
"633",68,"MAP","0.0001","indiana",13
"634",85,"MAP","0.0001","indiana",13
"635",93,"MAP","0.0001","indiana",13
"636",117,"MAP","0.0001","indiana",13
"637",130,"MAP","0.0001","indiana",13
"638",147,"MAP","0.0001","indiana",13
"639",154,"MAP","0.0001","indiana",13
"640",162,"MAP","0.0001","indiana",13
"641",168,"MAP","0.0001","indiana",13
"642",3,"MAP","0.00001","indiana",13
"643",23,"MAP","0.00001","indiana",13
"644",41,"MAP","0.00001","indiana",13
"645",51,"MAP","0.00001","indiana",13
"646",59,"MAP","0.00001","indiana",13
"647",63,"MAP","0.00001","indiana",13
"648",67,"MAP","0.00001","indiana",13
"649",68,"MAP","0.00001","indiana",13
"650",73,"MAP","0.00001","indiana",13
"651",84,"MAP","0.00001","indiana",13
"652",96,"MAP","0.00001","indiana",13
"653",99,"MAP","0.00001","indiana",13
"654",107,"MAP","0.00001","indiana",13
"655",115,"MAP","0.00001","indiana",13
"656",118,"MAP","0.00001","indiana",13
"657",122,"MAP","0.00001","indiana",13
"658",128,"MAP","0.00001","indiana",13
"659",148,"MAP","0.00001","indiana",13
"660",154,"MAP","0.00001","indiana",13
"661",161,"MAP","0.00001","indiana",13
"662",165,"MAP","0.00001","indiana",13
"663",176,"MAP","0.00001","indiana",13
"664",180,"MAP","0.00001","indiana",13
"665",191,"MAP","0.00001","indiana",13
"666",198,"MAP","0.00001","indiana",13
"667",1,"MAP","0.01","iowa",14
"668",39,"MAP","0.01","iowa",14
"669",88,"MAP","0.01","iowa",14
"670",92,"MAP","0.01","iowa",14
"671",193,"MAP","0.01","iowa",14
"672",1,"MAP","0.001","iowa",14
"673",12,"MAP","0.001","iowa",14
"674",37,"MAP","0.001","iowa",14
"675",87,"MAP","0.001","iowa",14
"676",93,"MAP","0.001","iowa",14
"677",192,"MAP","0.001","iowa",14
"678",1,"MAP","0.0001","iowa",14
"679",13,"MAP","0.0001","iowa",14
"680",35,"MAP","0.0001","iowa",14
"681",48,"MAP","0.0001","iowa",14
"682",57,"MAP","0.0001","iowa",14
"683",67,"MAP","0.0001","iowa",14
"684",86,"MAP","0.0001","iowa",14
"685",91,"MAP","0.0001","iowa",14
"686",95,"MAP","0.0001","iowa",14
"687",111,"MAP","0.0001","iowa",14
"688",167,"MAP","0.0001","iowa",14
"689",174,"MAP","0.0001","iowa",14
"690",193,"MAP","0.0001","iowa",14
"691",1,"MAP","0.00001","iowa",14
"692",7,"MAP","0.00001","iowa",14
"693",9,"MAP","0.00001","iowa",14
"694",15,"MAP","0.00001","iowa",14
"695",21,"MAP","0.00001","iowa",14
"696",36,"MAP","0.00001","iowa",14
"697",41,"MAP","0.00001","iowa",14
"698",49,"MAP","0.00001","iowa",14
"699",56,"MAP","0.00001","iowa",14
"700",62,"MAP","0.00001","iowa",14
"701",66,"MAP","0.00001","iowa",14
"702",72,"MAP","0.00001","iowa",14
"703",78,"MAP","0.00001","iowa",14
"704",85,"MAP","0.00001","iowa",14
"705",91,"MAP","0.00001","iowa",14
"706",92,"MAP","0.00001","iowa",14
"707",97,"MAP","0.00001","iowa",14
"708",103,"MAP","0.00001","iowa",14
"709",118,"MAP","0.00001","iowa",14
"710",128,"MAP","0.00001","iowa",14
"711",133,"MAP","0.00001","iowa",14
"712",152,"MAP","0.00001","iowa",14
"713",158,"MAP","0.00001","iowa",14
"714",166,"MAP","0.00001","iowa",14
"715",177,"MAP","0.00001","iowa",14
"716",185,"MAP","0.00001","iowa",14
"717",188,"MAP","0.00001","iowa",14
"718",193,"MAP","0.00001","iowa",14
"719",1,"MAP","0.01","kansas",15
"720",5,"MAP","0.01","kansas",15
"721",6,"MAP","0.01","kansas",15
"722",19,"MAP","0.01","kansas",15
"723",1,"MAP","0.001","kansas",15
"724",5,"MAP","0.001","kansas",15
"725",6,"MAP","0.001","kansas",15
"726",22,"MAP","0.001","kansas",15
"727",1,"MAP","0.0001","kansas",15
"728",5,"MAP","0.0001","kansas",15
"729",6,"MAP","0.0001","kansas",15
"730",12,"MAP","0.0001","kansas",15
"731",25,"MAP","0.0001","kansas",15
"732",36,"MAP","0.0001","kansas",15
"733",49,"MAP","0.0001","kansas",15
"734",1,"MAP","0.00001","kansas",15
"735",5,"MAP","0.00001","kansas",15
"736",6,"MAP","0.00001","kansas",15
"737",12,"MAP","0.00001","kansas",15
"738",25,"MAP","0.00001","kansas",15
"739",35,"MAP","0.00001","kansas",15
"740",44,"MAP","0.00001","kansas",15
"741",47,"MAP","0.00001","kansas",15
"742",2,"MAP","0.01","kentucky",16
"743",39,"MAP","0.01","kentucky",16
"744",56,"MAP","0.01","kentucky",16
"745",58,"MAP","0.01","kentucky",16
"746",66,"MAP","0.01","kentucky",16
"747",90,"MAP","0.01","kentucky",16
"748",118,"MAP","0.01","kentucky",16
"749",192,"MAP","0.01","kentucky",16
"750",287,"MAP","0.01","kentucky",16
"751",290,"MAP","0.01","kentucky",16
"752",4,"MAP","0.001","kentucky",16
"753",38,"MAP","0.001","kentucky",16
"754",39,"MAP","0.001","kentucky",16
"755",40,"MAP","0.001","kentucky",16
"756",55,"MAP","0.001","kentucky",16
"757",59,"MAP","0.001","kentucky",16
"758",60,"MAP","0.001","kentucky",16
"759",68,"MAP","0.001","kentucky",16
"760",85,"MAP","0.001","kentucky",16
"761",90,"MAP","0.001","kentucky",16
"762",91,"MAP","0.001","kentucky",16
"763",116,"MAP","0.001","kentucky",16
"764",117,"MAP","0.001","kentucky",16
"765",118,"MAP","0.001","kentucky",16
"766",120,"MAP","0.001","kentucky",16
"767",121,"MAP","0.001","kentucky",16
"768",140,"MAP","0.001","kentucky",16
"769",164,"MAP","0.001","kentucky",16
"770",167,"MAP","0.001","kentucky",16
"771",202,"MAP","0.001","kentucky",16
"772",273,"MAP","0.001","kentucky",16
"773",287,"MAP","0.001","kentucky",16
"774",288,"MAP","0.001","kentucky",16
"775",293,"MAP","0.001","kentucky",16
"776",318,"MAP","0.001","kentucky",16
"777",324,"MAP","0.001","kentucky",16
"778",15,"MAP","0.0001","kentucky",16
"779",34,"MAP","0.0001","kentucky",16
"780",59,"MAP","0.0001","kentucky",16
"781",62,"MAP","0.0001","kentucky",16
"782",95,"MAP","0.0001","kentucky",16
"783",118,"MAP","0.0001","kentucky",16
"784",129,"MAP","0.0001","kentucky",16
"785",135,"MAP","0.0001","kentucky",16
"786",164,"MAP","0.0001","kentucky",16
"787",204,"MAP","0.0001","kentucky",16
"788",225,"MAP","0.0001","kentucky",16
"789",236,"MAP","0.0001","kentucky",16
"790",260,"MAP","0.0001","kentucky",16
"791",270,"MAP","0.0001","kentucky",16
"792",283,"MAP","0.0001","kentucky",16
"793",291,"MAP","0.0001","kentucky",16
"794",299,"MAP","0.0001","kentucky",16
"795",321,"MAP","0.0001","kentucky",16
"796",4,"MAP","0.00001","kentucky",16
"797",38,"MAP","0.00001","kentucky",16
"798",39,"MAP","0.00001","kentucky",16
"799",41,"MAP","0.00001","kentucky",16
"800",55,"MAP","0.00001","kentucky",16
"801",59,"MAP","0.00001","kentucky",16
"802",60,"MAP","0.00001","kentucky",16
"803",68,"MAP","0.00001","kentucky",16
"804",85,"MAP","0.00001","kentucky",16
"805",90,"MAP","0.00001","kentucky",16
"806",92,"MAP","0.00001","kentucky",16
"807",116,"MAP","0.00001","kentucky",16
"808",117,"MAP","0.00001","kentucky",16
"809",118,"MAP","0.00001","kentucky",16
"810",120,"MAP","0.00001","kentucky",16
"811",121,"MAP","0.00001","kentucky",16
"812",126,"MAP","0.00001","kentucky",16
"813",153,"MAP","0.00001","kentucky",16
"814",164,"MAP","0.00001","kentucky",16
"815",186,"MAP","0.00001","kentucky",16
"816",188,"MAP","0.00001","kentucky",16
"817",214,"MAP","0.00001","kentucky",16
"818",270,"MAP","0.00001","kentucky",16
"819",287,"MAP","0.00001","kentucky",16
"820",288,"MAP","0.00001","kentucky",16
"821",294,"MAP","0.00001","kentucky",16
"822",299,"MAP","0.00001","kentucky",16
"823",318,"MAP","0.00001","kentucky",16
"824",324,"MAP","0.00001","kentucky",16
"825",1,"MAP","0.01","louisiana",17
"826",2,"MAP","0.01","louisiana",17
"827",113,"MAP","0.01","louisiana",17
"828",224,"MAP","0.01","louisiana",17
"829",288,"MAP","0.01","louisiana",17
"830",480,"MAP","0.01","louisiana",17
"831",2,"MAP","0.001","louisiana",17
"832",56,"MAP","0.001","louisiana",17
"833",108,"MAP","0.001","louisiana",17
"834",131,"MAP","0.001","louisiana",17
"835",165,"MAP","0.001","louisiana",17
"836",239,"MAP","0.001","louisiana",17
"837",262,"MAP","0.001","louisiana",17
"838",294,"MAP","0.001","louisiana",17
"839",398,"MAP","0.001","louisiana",17
"840",423,"MAP","0.001","louisiana",17
"841",485,"MAP","0.001","louisiana",17
"842",525,"MAP","0.001","louisiana",17
"843",562,"MAP","0.001","louisiana",17
"844",1,"MAP","0.0001","louisiana",17
"845",2,"MAP","0.0001","louisiana",17
"846",46,"MAP","0.0001","louisiana",17
"847",96,"MAP","0.0001","louisiana",17
"848",116,"MAP","0.0001","louisiana",17
"849",117,"MAP","0.0001","louisiana",17
"850",134,"MAP","0.0001","louisiana",17
"851",160,"MAP","0.0001","louisiana",17
"852",169,"MAP","0.0001","louisiana",17
"853",194,"MAP","0.0001","louisiana",17
"854",209,"MAP","0.0001","louisiana",17
"855",235,"MAP","0.0001","louisiana",17
"856",264,"MAP","0.0001","louisiana",17
"857",295,"MAP","0.0001","louisiana",17
"858",315,"MAP","0.0001","louisiana",17
"859",341,"MAP","0.0001","louisiana",17
"860",354,"MAP","0.0001","louisiana",17
"861",388,"MAP","0.0001","louisiana",17
"862",440,"MAP","0.0001","louisiana",17
"863",455,"MAP","0.0001","louisiana",17
"864",484,"MAP","0.0001","louisiana",17
"865",523,"MAP","0.0001","louisiana",17
"866",561,"MAP","0.0001","louisiana",17
"867",1,"MAP","0.00001","louisiana",17
"868",8,"MAP","0.00001","louisiana",17
"869",15,"MAP","0.00001","louisiana",17
"870",46,"MAP","0.00001","louisiana",17
"871",51,"MAP","0.00001","louisiana",17
"872",57,"MAP","0.00001","louisiana",17
"873",96,"MAP","0.00001","louisiana",17
"874",115,"MAP","0.00001","louisiana",17
"875",118,"MAP","0.00001","louisiana",17
"876",123,"MAP","0.00001","louisiana",17
"877",137,"MAP","0.00001","louisiana",17
"878",156,"MAP","0.00001","louisiana",17
"879",167,"MAP","0.00001","louisiana",17
"880",173,"MAP","0.00001","louisiana",17
"881",193,"MAP","0.00001","louisiana",17
"882",207,"MAP","0.00001","louisiana",17
"883",213,"MAP","0.00001","louisiana",17
"884",219,"MAP","0.00001","louisiana",17
"885",231,"MAP","0.00001","louisiana",17
"886",241,"MAP","0.00001","louisiana",17
"887",262,"MAP","0.00001","louisiana",17
"888",267,"MAP","0.00001","louisiana",17
"889",292,"MAP","0.00001","louisiana",17
"890",310,"MAP","0.00001","louisiana",17
"891",317,"MAP","0.00001","louisiana",17
"892",341,"MAP","0.00001","louisiana",17
"893",353,"MAP","0.00001","louisiana",17
"894",358,"MAP","0.00001","louisiana",17
"895",363,"MAP","0.00001","louisiana",17
"896",366,"MAP","0.00001","louisiana",17
"897",371,"MAP","0.00001","louisiana",17
"898",385,"MAP","0.00001","louisiana",17
"899",392,"MAP","0.00001","louisiana",17
"900",399,"MAP","0.00001","louisiana",17
"901",421,"MAP","0.00001","louisiana",17
"902",426,"MAP","0.00001","louisiana",17
"903",435,"MAP","0.00001","louisiana",17
"904",439,"MAP","0.00001","louisiana",17
"905",453,"MAP","0.00001","louisiana",17
"906",461,"MAP","0.00001","louisiana",17
"907",468,"MAP","0.00001","louisiana",17
"908",474,"MAP","0.00001","louisiana",17
"909",485,"MAP","0.00001","louisiana",17
"910",495,"MAP","0.00001","louisiana",17
"911",500,"MAP","0.00001","louisiana",17
"912",522,"MAP","0.00001","louisiana",17
"913",551,"MAP","0.00001","louisiana",17
"914",7,"MAP","0.01","maine",18
"915",14,"MAP","0.01","maine",18
"916",81,"MAP","0.01","maine",18
"917",136,"MAP","0.01","maine",18
"918",4,"MAP","0.001","maine",18
"919",21,"MAP","0.001","maine",18
"920",66,"MAP","0.001","maine",18
"921",91,"MAP","0.001","maine",18
"922",95,"MAP","0.001","maine",18
"923",148,"MAP","0.001","maine",18
"924",245,"MAP","0.001","maine",18
"925",249,"MAP","0.001","maine",18
"926",10,"MAP","0.0001","maine",18
"927",21,"MAP","0.0001","maine",18
"928",39,"MAP","0.0001","maine",18
"929",64,"MAP","0.0001","maine",18
"930",68,"MAP","0.0001","maine",18
"931",76,"MAP","0.0001","maine",18
"932",87,"MAP","0.0001","maine",18
"933",92,"MAP","0.0001","maine",18
"934",103,"MAP","0.0001","maine",18
"935",109,"MAP","0.0001","maine",18
"936",148,"MAP","0.0001","maine",18
"937",205,"MAP","0.0001","maine",18
"938",210,"MAP","0.0001","maine",18
"939",246,"MAP","0.0001","maine",18
"940",267,"MAP","0.0001","maine",18
"941",289,"MAP","0.0001","maine",18
"942",343,"MAP","0.0001","maine",18
"943",364,"MAP","0.0001","maine",18
"944",8,"MAP","0.00001","maine",18
"945",15,"MAP","0.00001","maine",18
"946",22,"MAP","0.00001","maine",18
"947",24,"MAP","0.00001","maine",18
"948",28,"MAP","0.00001","maine",18
"949",33,"MAP","0.00001","maine",18
"950",46,"MAP","0.00001","maine",18
"951",54,"MAP","0.00001","maine",18
"952",65,"MAP","0.00001","maine",18
"953",71,"MAP","0.00001","maine",18
"954",74,"MAP","0.00001","maine",18
"955",76,"MAP","0.00001","maine",18
"956",87,"MAP","0.00001","maine",18
"957",92,"MAP","0.00001","maine",18
"958",103,"MAP","0.00001","maine",18
"959",112,"MAP","0.00001","maine",18
"960",122,"MAP","0.00001","maine",18
"961",131,"MAP","0.00001","maine",18
"962",138,"MAP","0.00001","maine",18
"963",146,"MAP","0.00001","maine",18
"964",155,"MAP","0.00001","maine",18
"965",162,"MAP","0.00001","maine",18
"966",164,"MAP","0.00001","maine",18
"967",187,"MAP","0.00001","maine",18
"968",193,"MAP","0.00001","maine",18
"969",198,"MAP","0.00001","maine",18
"970",202,"MAP","0.00001","maine",18
"971",211,"MAP","0.00001","maine",18
"972",234,"MAP","0.00001","maine",18
"973",240,"MAP","0.00001","maine",18
"974",248,"MAP","0.00001","maine",18
"975",257,"MAP","0.00001","maine",18
"976",260,"MAP","0.00001","maine",18
"977",265,"MAP","0.00001","maine",18
"978",271,"MAP","0.00001","maine",18
"979",286,"MAP","0.00001","maine",18
"980",290,"MAP","0.00001","maine",18
"981",303,"MAP","0.00001","maine",18
"982",310,"MAP","0.00001","maine",18
"983",321,"MAP","0.00001","maine",18
"984",326,"MAP","0.00001","maine",18
"985",332,"MAP","0.00001","maine",18
"986",339,"MAP","0.00001","maine",18
"987",364,"MAP","0.00001","maine",18
"988",23,"MAP","0.01","maryland",19
"989",77,"MAP","0.01","maryland",19
"990",80,"MAP","0.01","maryland",19
"991",115,"MAP","0.01","maryland",19
"992",246,"MAP","0.01","maryland",19
"993",425,"MAP","0.01","maryland",19
"994",27,"MAP","0.001","maryland",19
"995",71,"MAP","0.001","maryland",19
"996",73,"MAP","0.001","maryland",19
"997",77,"MAP","0.001","maryland",19
"998",87,"MAP","0.001","maryland",19
"999",123,"MAP","0.001","maryland",19
"1000",211,"MAP","0.001","maryland",19
"1001",273,"MAP","0.001","maryland",19
"1002",320,"MAP","0.001","maryland",19
"1003",421,"MAP","0.001","maryland",19
"1004",466,"MAP","0.001","maryland",19
"1005",481,"MAP","0.001","maryland",19
"1006",22,"MAP","0.0001","maryland",19
"1007",55,"MAP","0.0001","maryland",19
"1008",72,"MAP","0.0001","maryland",19
"1009",73,"MAP","0.0001","maryland",19
"1010",77,"MAP","0.0001","maryland",19
"1011",79,"MAP","0.0001","maryland",19
"1012",84,"MAP","0.0001","maryland",19
"1013",88,"MAP","0.0001","maryland",19
"1014",117,"MAP","0.0001","maryland",19
"1015",135,"MAP","0.0001","maryland",19
"1016",176,"MAP","0.0001","maryland",19
"1017",197,"MAP","0.0001","maryland",19
"1018",211,"MAP","0.0001","maryland",19
"1019",273,"MAP","0.0001","maryland",19
"1020",320,"MAP","0.0001","maryland",19
"1021",382,"MAP","0.0001","maryland",19
"1022",402,"MAP","0.0001","maryland",19
"1023",408,"MAP","0.0001","maryland",19
"1024",465,"MAP","0.0001","maryland",19
"1025",481,"MAP","0.0001","maryland",19
"1026",485,"MAP","0.0001","maryland",19
"1027",2,"MAP","0.00001","maryland",19
"1028",18,"MAP","0.00001","maryland",19
"1029",35,"MAP","0.00001","maryland",19
"1030",46,"MAP","0.00001","maryland",19
"1031",54,"MAP","0.00001","maryland",19
"1032",72,"MAP","0.00001","maryland",19
"1033",73,"MAP","0.00001","maryland",19
"1034",77,"MAP","0.00001","maryland",19
"1035",79,"MAP","0.00001","maryland",19
"1036",80,"MAP","0.00001","maryland",19
"1037",90,"MAP","0.00001","maryland",19
"1038",94,"MAP","0.00001","maryland",19
"1039",98,"MAP","0.00001","maryland",19
"1040",103,"MAP","0.00001","maryland",19
"1041",116,"MAP","0.00001","maryland",19
"1042",121,"MAP","0.00001","maryland",19
"1043",132,"MAP","0.00001","maryland",19
"1044",140,"MAP","0.00001","maryland",19
"1045",146,"MAP","0.00001","maryland",19
"1046",159,"MAP","0.00001","maryland",19
"1047",168,"MAP","0.00001","maryland",19
"1048",175,"MAP","0.00001","maryland",19
"1049",181,"MAP","0.00001","maryland",19
"1050",185,"MAP","0.00001","maryland",19
"1051",196,"MAP","0.00001","maryland",19
"1052",203,"MAP","0.00001","maryland",19
"1053",210,"MAP","0.00001","maryland",19
"1054",216,"MAP","0.00001","maryland",19
"1055",219,"MAP","0.00001","maryland",19
"1056",238,"MAP","0.00001","maryland",19
"1057",243,"MAP","0.00001","maryland",19
"1058",247,"MAP","0.00001","maryland",19
"1059",266,"MAP","0.00001","maryland",19
"1060",278,"MAP","0.00001","maryland",19
"1061",285,"MAP","0.00001","maryland",19
"1062",304,"MAP","0.00001","maryland",19
"1063",318,"MAP","0.00001","maryland",19
"1064",324,"MAP","0.00001","maryland",19
"1065",343,"MAP","0.00001","maryland",19
"1066",359,"MAP","0.00001","maryland",19
"1067",374,"MAP","0.00001","maryland",19
"1068",379,"MAP","0.00001","maryland",19
"1069",392,"MAP","0.00001","maryland",19
"1070",403,"MAP","0.00001","maryland",19
"1071",410,"MAP","0.00001","maryland",19
"1072",415,"MAP","0.00001","maryland",19
"1073",449,"MAP","0.00001","maryland",19
"1074",451,"MAP","0.00001","maryland",19
"1075",462,"MAP","0.00001","maryland",19
"1076",465,"MAP","0.00001","maryland",19
"1077",481,"MAP","0.00001","maryland",19
"1078",491,"MAP","0.00001","maryland",19
"1079",497,"MAP","0.00001","maryland",19
"1080",2,"MAP","0.01","massachusetts",20
"1081",8,"MAP","0.01","massachusetts",20
"1082",120,"MAP","0.01","massachusetts",20
"1083",2,"MAP","0.001","massachusetts",20
"1084",4,"MAP","0.001","massachusetts",20
"1085",22,"MAP","0.001","massachusetts",20
"1086",30,"MAP","0.001","massachusetts",20
"1087",46,"MAP","0.001","massachusetts",20
"1088",86,"MAP","0.001","massachusetts",20
"1089",89,"MAP","0.001","massachusetts",20
"1090",118,"MAP","0.001","massachusetts",20
"1091",163,"MAP","0.001","massachusetts",20
"1092",173,"MAP","0.001","massachusetts",20
"1093",1,"MAP","0.0001","massachusetts",20
"1094",5,"MAP","0.0001","massachusetts",20
"1095",6,"MAP","0.0001","massachusetts",20
"1096",18,"MAP","0.0001","massachusetts",20
"1097",32,"MAP","0.0001","massachusetts",20
"1098",34,"MAP","0.0001","massachusetts",20
"1099",48,"MAP","0.0001","massachusetts",20
"1100",61,"MAP","0.0001","massachusetts",20
"1101",84,"MAP","0.0001","massachusetts",20
"1102",88,"MAP","0.0001","massachusetts",20
"1103",96,"MAP","0.0001","massachusetts",20
"1104",111,"MAP","0.0001","massachusetts",20
"1105",119,"MAP","0.0001","massachusetts",20
"1106",138,"MAP","0.0001","massachusetts",20
"1107",143,"MAP","0.0001","massachusetts",20
"1108",161,"MAP","0.0001","massachusetts",20
"1109",173,"MAP","0.0001","massachusetts",20
"1110",1,"MAP","0.00001","massachusetts",20
"1111",5,"MAP","0.00001","massachusetts",20
"1112",9,"MAP","0.00001","massachusetts",20
"1113",12,"MAP","0.00001","massachusetts",20
"1114",18,"MAP","0.00001","massachusetts",20
"1115",28,"MAP","0.00001","massachusetts",20
"1116",31,"MAP","0.00001","massachusetts",20
"1117",36,"MAP","0.00001","massachusetts",20
"1118",39,"MAP","0.00001","massachusetts",20
"1119",46,"MAP","0.00001","massachusetts",20
"1120",52,"MAP","0.00001","massachusetts",20
"1121",61,"MAP","0.00001","massachusetts",20
"1122",69,"MAP","0.00001","massachusetts",20
"1123",75,"MAP","0.00001","massachusetts",20
"1124",85,"MAP","0.00001","massachusetts",20
"1125",89,"MAP","0.00001","massachusetts",20
"1126",97,"MAP","0.00001","massachusetts",20
"1127",103,"MAP","0.00001","massachusetts",20
"1128",107,"MAP","0.00001","massachusetts",20
"1129",111,"MAP","0.00001","massachusetts",20
"1130",114,"MAP","0.00001","massachusetts",20
"1131",121,"MAP","0.00001","massachusetts",20
"1132",125,"MAP","0.00001","massachusetts",20
"1133",131,"MAP","0.00001","massachusetts",20
"1134",137,"MAP","0.00001","massachusetts",20
"1135",142,"MAP","0.00001","massachusetts",20
"1136",144,"MAP","0.00001","massachusetts",20
"1137",156,"MAP","0.00001","massachusetts",20
"1138",161,"MAP","0.00001","massachusetts",20
"1139",165,"MAP","0.00001","massachusetts",20
"1140",169,"MAP","0.00001","massachusetts",20
"1141",173,"MAP","0.00001","massachusetts",20
"1142",1,"MAP","0.01","minnesota",21
"1143",78,"MAP","0.01","minnesota",21
"1144",79,"MAP","0.01","minnesota",21
"1145",189,"MAP","0.01","minnesota",21
"1146",218,"MAP","0.01","minnesota",21
"1147",273,"MAP","0.01","minnesota",21
"1148",1,"MAP","0.001","minnesota",21
"1149",2,"MAP","0.001","minnesota",21
"1150",78,"MAP","0.001","minnesota",21
"1151",85,"MAP","0.001","minnesota",21
"1152",95,"MAP","0.001","minnesota",21
"1153",188,"MAP","0.001","minnesota",21
"1154",201,"MAP","0.001","minnesota",21
"1155",233,"MAP","0.001","minnesota",21
"1156",267,"MAP","0.001","minnesota",21
"1157",1,"MAP","0.0001","minnesota",21
"1158",3,"MAP","0.0001","minnesota",21
"1159",8,"MAP","0.0001","minnesota",21
"1160",18,"MAP","0.0001","minnesota",21
"1161",78,"MAP","0.0001","minnesota",21
"1162",85,"MAP","0.0001","minnesota",21
"1163",97,"MAP","0.0001","minnesota",21
"1164",122,"MAP","0.0001","minnesota",21
"1165",159,"MAP","0.0001","minnesota",21
"1166",166,"MAP","0.0001","minnesota",21
"1167",187,"MAP","0.0001","minnesota",21
"1168",190,"MAP","0.0001","minnesota",21
"1169",201,"MAP","0.0001","minnesota",21
"1170",204,"MAP","0.0001","minnesota",21
"1171",212,"MAP","0.0001","minnesota",21
"1172",235,"MAP","0.0001","minnesota",21
"1173",264,"MAP","0.0001","minnesota",21
"1174",272,"MAP","0.0001","minnesota",21
"1175",1,"MAP","0.00001","minnesota",21
"1176",5,"MAP","0.00001","minnesota",21
"1177",9,"MAP","0.00001","minnesota",21
"1178",18,"MAP","0.00001","minnesota",21
"1179",24,"MAP","0.00001","minnesota",21
"1180",33,"MAP","0.00001","minnesota",21
"1181",49,"MAP","0.00001","minnesota",21
"1182",56,"MAP","0.00001","minnesota",21
"1183",78,"MAP","0.00001","minnesota",21
"1184",79,"MAP","0.00001","minnesota",21
"1185",80,"MAP","0.00001","minnesota",21
"1186",87,"MAP","0.00001","minnesota",21
"1187",96,"MAP","0.00001","minnesota",21
"1188",106,"MAP","0.00001","minnesota",21
"1189",116,"MAP","0.00001","minnesota",21
"1190",134,"MAP","0.00001","minnesota",21
"1191",138,"MAP","0.00001","minnesota",21
"1192",158,"MAP","0.00001","minnesota",21
"1193",169,"MAP","0.00001","minnesota",21
"1194",173,"MAP","0.00001","minnesota",21
"1195",186,"MAP","0.00001","minnesota",21
"1196",193,"MAP","0.00001","minnesota",21
"1197",201,"MAP","0.00001","minnesota",21
"1198",203,"MAP","0.00001","minnesota",21
"1199",212,"MAP","0.00001","minnesota",21
"1200",217,"MAP","0.00001","minnesota",21
"1201",223,"MAP","0.00001","minnesota",21
"1202",225,"MAP","0.00001","minnesota",21
"1203",236,"MAP","0.00001","minnesota",21
"1204",252,"MAP","0.00001","minnesota",21
"1205",264,"MAP","0.00001","minnesota",21
"1206",273,"MAP","0.00001","minnesota",21
"1207",1,"MAP","0.01","mississippi",22
"1208",12,"MAP","0.01","mississippi",22
"1209",79,"MAP","0.01","mississippi",22
"1210",252,"MAP","0.01","mississippi",22
"1211",325,"MAP","0.01","mississippi",22
"1212",1,"MAP","0.001","mississippi",22
"1213",10,"MAP","0.001","mississippi",22
"1214",59,"MAP","0.001","mississippi",22
"1215",75,"MAP","0.001","mississippi",22
"1216",77,"MAP","0.001","mississippi",22
"1217",151,"MAP","0.001","mississippi",22
"1218",239,"MAP","0.001","mississippi",22
"1219",325,"MAP","0.001","mississippi",22
"1220",1,"MAP","0.0001","mississippi",22
"1221",11,"MAP","0.0001","mississippi",22
"1222",46,"MAP","0.0001","mississippi",22
"1223",55,"MAP","0.0001","mississippi",22
"1224",68,"MAP","0.0001","mississippi",22
"1225",75,"MAP","0.0001","mississippi",22
"1226",77,"MAP","0.0001","mississippi",22
"1227",101,"MAP","0.0001","mississippi",22
"1228",148,"MAP","0.0001","mississippi",22
"1229",154,"MAP","0.0001","mississippi",22
"1230",242,"MAP","0.0001","mississippi",22
"1231",325,"MAP","0.0001","mississippi",22
"1232",4,"MAP","0.00001","mississippi",22
"1233",9,"MAP","0.00001","mississippi",22
"1234",12,"MAP","0.00001","mississippi",22
"1235",35,"MAP","0.00001","mississippi",22
"1236",48,"MAP","0.00001","mississippi",22
"1237",56,"MAP","0.00001","mississippi",22
"1238",69,"MAP","0.00001","mississippi",22
"1239",74,"MAP","0.00001","mississippi",22
"1240",78,"MAP","0.00001","mississippi",22
"1241",100,"MAP","0.00001","mississippi",22
"1242",102,"MAP","0.00001","mississippi",22
"1243",134,"MAP","0.00001","mississippi",22
"1244",140,"MAP","0.00001","mississippi",22
"1245",147,"MAP","0.00001","mississippi",22
"1246",156,"MAP","0.00001","mississippi",22
"1247",160,"MAP","0.00001","mississippi",22
"1248",177,"MAP","0.00001","mississippi",22
"1249",182,"MAP","0.00001","mississippi",22
"1250",188,"MAP","0.00001","mississippi",22
"1251",204,"MAP","0.00001","mississippi",22
"1252",208,"MAP","0.00001","mississippi",22
"1253",213,"MAP","0.00001","mississippi",22
"1254",218,"MAP","0.00001","mississippi",22
"1255",223,"MAP","0.00001","mississippi",22
"1256",228,"MAP","0.00001","mississippi",22
"1257",241,"MAP","0.00001","mississippi",22
"1258",244,"MAP","0.00001","mississippi",22
"1259",276,"MAP","0.00001","mississippi",22
"1260",293,"MAP","0.00001","mississippi",22
"1261",301,"MAP","0.00001","mississippi",22
"1262",305,"MAP","0.00001","mississippi",22
"1263",309,"MAP","0.00001","mississippi",22
"1264",323,"MAP","0.00001","mississippi",22
"1265",1,"MAP","0.01","missouri",23
"1266",2,"MAP","0.01","missouri",23
"1267",122,"MAP","0.01","missouri",23
"1268",191,"MAP","0.01","missouri",23
"1269",196,"MAP","0.01","missouri",23
"1270",1,"MAP","0.001","missouri",23
"1271",2,"MAP","0.001","missouri",23
"1272",114,"MAP","0.001","missouri",23
"1273",154,"MAP","0.001","missouri",23
"1274",191,"MAP","0.001","missouri",23
"1275",197,"MAP","0.001","missouri",23
"1276",1,"MAP","0.0001","missouri",23
"1277",4,"MAP","0.0001","missouri",23
"1278",18,"MAP","0.0001","missouri",23
"1279",32,"MAP","0.0001","missouri",23
"1280",36,"MAP","0.0001","missouri",23
"1281",46,"MAP","0.0001","missouri",23
"1282",61,"MAP","0.0001","missouri",23
"1283",81,"MAP","0.0001","missouri",23
"1284",93,"MAP","0.0001","missouri",23
"1285",109,"MAP","0.0001","missouri",23
"1286",123,"MAP","0.0001","missouri",23
"1287",137,"MAP","0.0001","missouri",23
"1288",159,"MAP","0.0001","missouri",23
"1289",166,"MAP","0.0001","missouri",23
"1290",174,"MAP","0.0001","missouri",23
"1291",191,"MAP","0.0001","missouri",23
"1292",197,"MAP","0.0001","missouri",23
"1293",210,"MAP","0.0001","missouri",23
"1294",221,"MAP","0.0001","missouri",23
"1295",231,"MAP","0.0001","missouri",23
"1296",3,"MAP","0.00001","missouri",23
"1297",8,"MAP","0.00001","missouri",23
"1298",12,"MAP","0.00001","missouri",23
"1299",19,"MAP","0.00001","missouri",23
"1300",30,"MAP","0.00001","missouri",23
"1301",38,"MAP","0.00001","missouri",23
"1302",43,"MAP","0.00001","missouri",23
"1303",47,"MAP","0.00001","missouri",23
"1304",61,"MAP","0.00001","missouri",23
"1305",81,"MAP","0.00001","missouri",23
"1306",95,"MAP","0.00001","missouri",23
"1307",107,"MAP","0.00001","missouri",23
"1308",122,"MAP","0.00001","missouri",23
"1309",130,"MAP","0.00001","missouri",23
"1310",133,"MAP","0.00001","missouri",23
"1311",159,"MAP","0.00001","missouri",23
"1312",165,"MAP","0.00001","missouri",23
"1313",173,"MAP","0.00001","missouri",23
"1314",177,"MAP","0.00001","missouri",23
"1315",191,"MAP","0.00001","missouri",23
"1316",199,"MAP","0.00001","missouri",23
"1317",202,"MAP","0.00001","missouri",23
"1318",211,"MAP","0.00001","missouri",23
"1319",221,"MAP","0.00001","missouri",23
"1320",233,"MAP","0.00001","missouri",23
"1321",247,"MAP","0.00001","missouri",23
"1322",1,"MAP","0.01","montana",24
"1323",2,"MAP","0.01","montana",24
"1324",41,"MAP","0.01","montana",24
"1325",141,"MAP","0.01","montana",24
"1326",1,"MAP","0.001","montana",24
"1327",4,"MAP","0.001","montana",24
"1328",46,"MAP","0.001","montana",24
"1329",141,"MAP","0.001","montana",24
"1330",1,"MAP","0.0001","montana",24
"1331",4,"MAP","0.0001","montana",24
"1332",15,"MAP","0.0001","montana",24
"1333",45,"MAP","0.0001","montana",24
"1334",69,"MAP","0.0001","montana",24
"1335",78,"MAP","0.0001","montana",24
"1336",104,"MAP","0.0001","montana",24
"1337",114,"MAP","0.0001","montana",24
"1338",140,"MAP","0.0001","montana",24
"1339",142,"MAP","0.0001","montana",24
"1340",1,"MAP","0.00001","montana",24
"1341",4,"MAP","0.00001","montana",24
"1342",7,"MAP","0.00001","montana",24
"1343",9,"MAP","0.00001","montana",24
"1344",17,"MAP","0.00001","montana",24
"1345",26,"MAP","0.00001","montana",24
"1346",40,"MAP","0.00001","montana",24
"1347",43,"MAP","0.00001","montana",24
"1348",56,"MAP","0.00001","montana",24
"1349",69,"MAP","0.00001","montana",24
"1350",74,"MAP","0.00001","montana",24
"1351",78,"MAP","0.00001","montana",24
"1352",104,"MAP","0.00001","montana",24
"1353",109,"MAP","0.00001","montana",24
"1354",129,"MAP","0.00001","montana",24
"1355",140,"MAP","0.00001","montana",24
"1356",142,"MAP","0.00001","montana",24
"1357",1,"MAP","0.01","nebraska",25
"1358",47,"MAP","0.01","nebraska",25
"1359",139,"MAP","0.01","nebraska",25
"1360",149,"MAP","0.01","nebraska",25
"1361",1,"MAP","0.001","nebraska",25
"1362",2,"MAP","0.001","nebraska",25
"1363",56,"MAP","0.001","nebraska",25
"1364",139,"MAP","0.001","nebraska",25
"1365",144,"MAP","0.001","nebraska",25
"1366",1,"MAP","0.0001","nebraska",25
"1367",31,"MAP","0.0001","nebraska",25
"1368",56,"MAP","0.0001","nebraska",25
"1369",105,"MAP","0.0001","nebraska",25
"1370",116,"MAP","0.0001","nebraska",25
"1371",139,"MAP","0.0001","nebraska",25
"1372",144,"MAP","0.0001","nebraska",25
"1373",148,"MAP","0.0001","nebraska",25
"1374",149,"MAP","0.0001","nebraska",25
"1375",1,"MAP","0.00001","nebraska",25
"1376",3,"MAP","0.00001","nebraska",25
"1377",13,"MAP","0.00001","nebraska",25
"1378",28,"MAP","0.00001","nebraska",25
"1379",43,"MAP","0.00001","nebraska",25
"1380",58,"MAP","0.00001","nebraska",25
"1381",63,"MAP","0.00001","nebraska",25
"1382",82,"MAP","0.00001","nebraska",25
"1383",86,"MAP","0.00001","nebraska",25
"1384",104,"MAP","0.00001","nebraska",25
"1385",119,"MAP","0.00001","nebraska",25
"1386",139,"MAP","0.00001","nebraska",25
"1387",144,"MAP","0.00001","nebraska",25
"1388",148,"MAP","0.00001","nebraska",25
"1389",149,"MAP","0.00001","nebraska",25
"1390",30,"MAP","0.01","nevada",26
"1391",33,"MAP","0.01","nevada",26
"1392",35,"MAP","0.01","nevada",26
"1393",2,"MAP","0.001","nevada",26
"1394",13,"MAP","0.001","nevada",26
"1395",30,"MAP","0.001","nevada",26
"1396",31,"MAP","0.001","nevada",26
"1397",34,"MAP","0.001","nevada",26
"1398",35,"MAP","0.001","nevada",26
"1399",3,"MAP","0.0001","nevada",26
"1400",13,"MAP","0.0001","nevada",26
"1401",30,"MAP","0.0001","nevada",26
"1402",31,"MAP","0.0001","nevada",26
"1403",34,"MAP","0.0001","nevada",26
"1404",35,"MAP","0.0001","nevada",26
"1405",1,"MAP","0.00001","nevada",26
"1406",4,"MAP","0.00001","nevada",26
"1407",11,"MAP","0.00001","nevada",26
"1408",13,"MAP","0.00001","nevada",26
"1409",28,"MAP","0.00001","nevada",26
"1410",30,"MAP","0.00001","nevada",26
"1411",31,"MAP","0.00001","nevada",26
"1412",34,"MAP","0.00001","nevada",26
"1413",35,"MAP","0.00001","nevada",26
"1414",3,"MAP","0.01","new hampshire",27
"1415",61,"MAP","0.01","new hampshire",27
"1416",88,"MAP","0.01","new hampshire",27
"1417",3,"MAP","0.001","new hampshire",27
"1418",36,"MAP","0.001","new hampshire",27
"1419",43,"MAP","0.001","new hampshire",27
"1420",58,"MAP","0.001","new hampshire",27
"1421",67,"MAP","0.001","new hampshire",27
"1422",71,"MAP","0.001","new hampshire",27
"1423",86,"MAP","0.001","new hampshire",27
"1424",101,"MAP","0.001","new hampshire",27
"1425",2,"MAP","0.0001","new hampshire",27
"1426",15,"MAP","0.0001","new hampshire",27
"1427",37,"MAP","0.0001","new hampshire",27
"1428",43,"MAP","0.0001","new hampshire",27
"1429",58,"MAP","0.0001","new hampshire",27
"1430",68,"MAP","0.0001","new hampshire",27
"1431",73,"MAP","0.0001","new hampshire",27
"1432",86,"MAP","0.0001","new hampshire",27
"1433",101,"MAP","0.0001","new hampshire",27
"1434",1,"MAP","0.00001","new hampshire",27
"1435",3,"MAP","0.00001","new hampshire",27
"1436",8,"MAP","0.00001","new hampshire",27
"1437",16,"MAP","0.00001","new hampshire",27
"1438",26,"MAP","0.00001","new hampshire",27
"1439",36,"MAP","0.00001","new hampshire",27
"1440",39,"MAP","0.00001","new hampshire",27
"1441",44,"MAP","0.00001","new hampshire",27
"1442",47,"MAP","0.00001","new hampshire",27
"1443",48,"MAP","0.00001","new hampshire",27
"1444",56,"MAP","0.00001","new hampshire",27
"1445",58,"MAP","0.00001","new hampshire",27
"1446",63,"MAP","0.00001","new hampshire",27
"1447",65,"MAP","0.00001","new hampshire",27
"1448",68,"MAP","0.00001","new hampshire",27
"1449",74,"MAP","0.00001","new hampshire",27
"1450",77,"MAP","0.00001","new hampshire",27
"1451",79,"MAP","0.00001","new hampshire",27
"1452",85,"MAP","0.00001","new hampshire",27
"1453",88,"MAP","0.00001","new hampshire",27
"1454",91,"MAP","0.00001","new hampshire",27
"1455",101,"MAP","0.00001","new hampshire",27
"1456",8,"MAP","0.01","new jersey",28
"1457",35,"MAP","0.01","new jersey",28
"1458",72,"MAP","0.01","new jersey",28
"1459",109,"MAP","0.01","new jersey",28
"1460",125,"MAP","0.01","new jersey",28
"1461",162,"MAP","0.01","new jersey",28
"1462",2,"MAP","0.001","new jersey",28
"1463",21,"MAP","0.001","new jersey",28
"1464",30,"MAP","0.001","new jersey",28
"1465",34,"MAP","0.001","new jersey",28
"1466",72,"MAP","0.001","new jersey",28
"1467",109,"MAP","0.001","new jersey",28
"1468",130,"MAP","0.001","new jersey",28
"1469",148,"MAP","0.001","new jersey",28
"1470",170,"MAP","0.001","new jersey",28
"1471",1,"MAP","0.0001","new jersey",28
"1472",3,"MAP","0.0001","new jersey",28
"1473",20,"MAP","0.0001","new jersey",28
"1474",27,"MAP","0.0001","new jersey",28
"1475",41,"MAP","0.0001","new jersey",28
"1476",50,"MAP","0.0001","new jersey",28
"1477",74,"MAP","0.0001","new jersey",28
"1478",81,"MAP","0.0001","new jersey",28
"1479",92,"MAP","0.0001","new jersey",28
"1480",104,"MAP","0.0001","new jersey",28
"1481",111,"MAP","0.0001","new jersey",28
"1482",130,"MAP","0.0001","new jersey",28
"1483",147,"MAP","0.0001","new jersey",28
"1484",155,"MAP","0.0001","new jersey",28
"1485",160,"MAP","0.0001","new jersey",28
"1486",1,"MAP","0.00001","new jersey",28
"1487",2,"MAP","0.00001","new jersey",28
"1488",3,"MAP","0.00001","new jersey",28
"1489",20,"MAP","0.00001","new jersey",28
"1490",22,"MAP","0.00001","new jersey",28
"1491",30,"MAP","0.00001","new jersey",28
"1492",32,"MAP","0.00001","new jersey",28
"1493",38,"MAP","0.00001","new jersey",28
"1494",42,"MAP","0.00001","new jersey",28
"1495",48,"MAP","0.00001","new jersey",28
"1496",55,"MAP","0.00001","new jersey",28
"1497",58,"MAP","0.00001","new jersey",28
"1498",61,"MAP","0.00001","new jersey",28
"1499",67,"MAP","0.00001","new jersey",28
"1500",72,"MAP","0.00001","new jersey",28
"1501",75,"MAP","0.00001","new jersey",28
"1502",81,"MAP","0.00001","new jersey",28
"1503",87,"MAP","0.00001","new jersey",28
"1504",90,"MAP","0.00001","new jersey",28
"1505",104,"MAP","0.00001","new jersey",28
"1506",110,"MAP","0.00001","new jersey",28
"1507",112,"MAP","0.00001","new jersey",28
"1508",116,"MAP","0.00001","new jersey",28
"1509",121,"MAP","0.00001","new jersey",28
"1510",130,"MAP","0.00001","new jersey",28
"1511",138,"MAP","0.00001","new jersey",28
"1512",140,"MAP","0.00001","new jersey",28
"1513",143,"MAP","0.00001","new jersey",28
"1514",147,"MAP","0.00001","new jersey",28
"1515",152,"MAP","0.00001","new jersey",28
"1516",154,"MAP","0.00001","new jersey",28
"1517",156,"MAP","0.00001","new jersey",28
"1518",160,"MAP","0.00001","new jersey",28
"1519",3,"MAP","0.01","new mexico",29
"1520",4,"MAP","0.01","new mexico",29
"1521",14,"MAP","0.01","new mexico",29
"1522",15,"MAP","0.01","new mexico",29
"1523",1,"MAP","0.001","new mexico",29
"1524",4,"MAP","0.001","new mexico",29
"1525",5,"MAP","0.001","new mexico",29
"1526",14,"MAP","0.001","new mexico",29
"1527",15,"MAP","0.001","new mexico",29
"1528",1,"MAP","0.0001","new mexico",29
"1529",4,"MAP","0.0001","new mexico",29
"1530",12,"MAP","0.0001","new mexico",29
"1531",13,"MAP","0.0001","new mexico",29
"1532",14,"MAP","0.0001","new mexico",29
"1533",15,"MAP","0.0001","new mexico",29
"1534",1,"MAP","0.00001","new mexico",29
"1535",4,"MAP","0.00001","new mexico",29
"1536",6,"MAP","0.00001","new mexico",29
"1537",10,"MAP","0.00001","new mexico",29
"1538",12,"MAP","0.00001","new mexico",29
"1539",13,"MAP","0.00001","new mexico",29
"1540",14,"MAP","0.00001","new mexico",29
"1541",15,"MAP","0.00001","new mexico",29
"1542",13,"MAP","0.01","new york",30
"1543",122,"MAP","0.01","new york",30
"1544",178,"MAP","0.01","new york",30
"1545",1,"MAP","0.001","new york",30
"1546",14,"MAP","0.001","new york",30
"1547",33,"MAP","0.001","new york",30
"1548",60,"MAP","0.001","new york",30
"1549",111,"MAP","0.001","new york",30
"1550",119,"MAP","0.001","new york",30
"1551",122,"MAP","0.001","new york",30
"1552",171,"MAP","0.001","new york",30
"1553",186,"MAP","0.001","new york",30
"1554",218,"MAP","0.001","new york",30
"1555",1,"MAP","0.0001","new york",30
"1556",14,"MAP","0.0001","new york",30
"1557",33,"MAP","0.0001","new york",30
"1558",57,"MAP","0.0001","new york",30
"1559",73,"MAP","0.0001","new york",30
"1560",95,"MAP","0.0001","new york",30
"1561",101,"MAP","0.0001","new york",30
"1562",117,"MAP","0.0001","new york",30
"1563",123,"MAP","0.0001","new york",30
"1564",154,"MAP","0.0001","new york",30
"1565",160,"MAP","0.0001","new york",30
"1566",176,"MAP","0.0001","new york",30
"1567",189,"MAP","0.0001","new york",30
"1568",198,"MAP","0.0001","new york",30
"1569",218,"MAP","0.0001","new york",30
"1570",1,"MAP","0.00001","new york",30
"1571",15,"MAP","0.00001","new york",30
"1572",18,"MAP","0.00001","new york",30
"1573",28,"MAP","0.00001","new york",30
"1574",33,"MAP","0.00001","new york",30
"1575",38,"MAP","0.00001","new york",30
"1576",40,"MAP","0.00001","new york",30
"1577",45,"MAP","0.00001","new york",30
"1578",57,"MAP","0.00001","new york",30
"1579",73,"MAP","0.00001","new york",30
"1580",80,"MAP","0.00001","new york",30
"1581",84,"MAP","0.00001","new york",30
"1582",90,"MAP","0.00001","new york",30
"1583",96,"MAP","0.00001","new york",30
"1584",101,"MAP","0.00001","new york",30
"1585",116,"MAP","0.00001","new york",30
"1586",122,"MAP","0.00001","new york",30
"1587",154,"MAP","0.00001","new york",30
"1588",160,"MAP","0.00001","new york",30
"1589",171,"MAP","0.00001","new york",30
"1590",180,"MAP","0.00001","new york",30
"1591",190,"MAP","0.00001","new york",30
"1592",193,"MAP","0.00001","new york",30
"1593",201,"MAP","0.00001","new york",30
"1594",207,"MAP","0.00001","new york",30
"1595",218,"MAP","0.00001","new york",30
"1596",219,"MAP","0.00001","new york",30
"1597",41,"MAP","0.01","north carolina",31
"1598",115,"MAP","0.01","north carolina",31
"1599",302,"MAP","0.01","north carolina",31
"1600",621,"MAP","0.01","north carolina",31
"1601",1,"MAP","0.001","north carolina",31
"1602",4,"MAP","0.001","north carolina",31
"1603",39,"MAP","0.001","north carolina",31
"1604",114,"MAP","0.001","north carolina",31
"1605",140,"MAP","0.001","north carolina",31
"1606",144,"MAP","0.001","north carolina",31
"1607",236,"MAP","0.001","north carolina",31
"1608",316,"MAP","0.001","north carolina",31
"1609",403,"MAP","0.001","north carolina",31
"1610",442,"MAP","0.001","north carolina",31
"1611",513,"MAP","0.001","north carolina",31
"1612",8,"MAP","0.0001","north carolina",31
"1613",39,"MAP","0.0001","north carolina",31
"1614",113,"MAP","0.0001","north carolina",31
"1615",120,"MAP","0.0001","north carolina",31
"1616",158,"MAP","0.0001","north carolina",31
"1617",210,"MAP","0.0001","north carolina",31
"1618",289,"MAP","0.0001","north carolina",31
"1619",299,"MAP","0.0001","north carolina",31
"1620",312,"MAP","0.0001","north carolina",31
"1621",333,"MAP","0.0001","north carolina",31
"1622",390,"MAP","0.0001","north carolina",31
"1623",422,"MAP","0.0001","north carolina",31
"1624",445,"MAP","0.0001","north carolina",31
"1625",509,"MAP","0.0001","north carolina",31
"1626",526,"MAP","0.0001","north carolina",31
"1627",586,"MAP","0.0001","north carolina",31
"1628",620,"MAP","0.0001","north carolina",31
"1629",1,"MAP","0.00001","north carolina",31
"1630",5,"MAP","0.00001","north carolina",31
"1631",13,"MAP","0.00001","north carolina",31
"1632",18,"MAP","0.00001","north carolina",31
"1633",35,"MAP","0.00001","north carolina",31
"1634",38,"MAP","0.00001","north carolina",31
"1635",40,"MAP","0.00001","north carolina",31
"1636",47,"MAP","0.00001","north carolina",31
"1637",52,"MAP","0.00001","north carolina",31
"1638",111,"MAP","0.00001","north carolina",31
"1639",118,"MAP","0.00001","north carolina",31
"1640",122,"MAP","0.00001","north carolina",31
"1641",149,"MAP","0.00001","north carolina",31
"1642",173,"MAP","0.00001","north carolina",31
"1643",180,"MAP","0.00001","north carolina",31
"1644",214,"MAP","0.00001","north carolina",31
"1645",220,"MAP","0.00001","north carolina",31
"1646",245,"MAP","0.00001","north carolina",31
"1647",262,"MAP","0.00001","north carolina",31
"1648",278,"MAP","0.00001","north carolina",31
"1649",301,"MAP","0.00001","north carolina",31
"1650",309,"MAP","0.00001","north carolina",31
"1651",337,"MAP","0.00001","north carolina",31
"1652",354,"MAP","0.00001","north carolina",31
"1653",362,"MAP","0.00001","north carolina",31
"1654",371,"MAP","0.00001","north carolina",31
"1655",375,"MAP","0.00001","north carolina",31
"1656",391,"MAP","0.00001","north carolina",31
"1657",421,"MAP","0.00001","north carolina",31
"1658",446,"MAP","0.00001","north carolina",31
"1659",461,"MAP","0.00001","north carolina",31
"1660",469,"MAP","0.00001","north carolina",31
"1661",514,"MAP","0.00001","north carolina",31
"1662",528,"MAP","0.00001","north carolina",31
"1663",559,"MAP","0.00001","north carolina",31
"1664",568,"MAP","0.00001","north carolina",31
"1665",581,"MAP","0.00001","north carolina",31
"1666",592,"MAP","0.00001","north carolina",31
"1667",618,"MAP","0.00001","north carolina",31
"1668",1,"MAP","0.01","north dakota",32
"1669",3,"MAP","0.01","north dakota",32
"1670",63,"MAP","0.01","north dakota",32
"1671",1,"MAP","0.001","north dakota",32
"1672",2,"MAP","0.001","north dakota",32
"1673",3,"MAP","0.001","north dakota",32
"1674",63,"MAP","0.001","north dakota",32
"1675",1,"MAP","0.0001","north dakota",32
"1676",2,"MAP","0.0001","north dakota",32
"1677",3,"MAP","0.0001","north dakota",32
"1678",63,"MAP","0.0001","north dakota",32
"1679",1,"MAP","0.00001","north dakota",32
"1680",2,"MAP","0.00001","north dakota",32
"1681",3,"MAP","0.00001","north dakota",32
"1682",9,"MAP","0.00001","north dakota",32
"1683",21,"MAP","0.00001","north dakota",32
"1684",32,"MAP","0.00001","north dakota",32
"1685",48,"MAP","0.00001","north dakota",32
"1686",55,"MAP","0.00001","north dakota",32
"1687",63,"MAP","0.00001","north dakota",32
"1688",10,"MAP","0.01","ohio",33
"1689",75,"MAP","0.01","ohio",33
"1690",118,"MAP","0.01","ohio",33
"1691",119,"MAP","0.01","ohio",33
"1692",177,"MAP","0.01","ohio",33
"1693",19,"MAP","0.001","ohio",33
"1694",78,"MAP","0.001","ohio",33
"1695",118,"MAP","0.001","ohio",33
"1696",119,"MAP","0.001","ohio",33
"1697",162,"MAP","0.001","ohio",33
"1698",175,"MAP","0.001","ohio",33
"1699",7,"MAP","0.0001","ohio",33
"1700",29,"MAP","0.0001","ohio",33
"1701",45,"MAP","0.0001","ohio",33
"1702",53,"MAP","0.0001","ohio",33
"1703",64,"MAP","0.0001","ohio",33
"1704",75,"MAP","0.0001","ohio",33
"1705",77,"MAP","0.0001","ohio",33
"1706",85,"MAP","0.0001","ohio",33
"1707",98,"MAP","0.0001","ohio",33
"1708",111,"MAP","0.0001","ohio",33
"1709",118,"MAP","0.0001","ohio",33
"1710",119,"MAP","0.0001","ohio",33
"1711",121,"MAP","0.0001","ohio",33
"1712",144,"MAP","0.0001","ohio",33
"1713",146,"MAP","0.0001","ohio",33
"1714",160,"MAP","0.0001","ohio",33
"1715",175,"MAP","0.0001","ohio",33
"1716",1,"MAP","0.00001","ohio",33
"1717",3,"MAP","0.00001","ohio",33
"1718",11,"MAP","0.00001","ohio",33
"1719",30,"MAP","0.00001","ohio",33
"1720",34,"MAP","0.00001","ohio",33
"1721",37,"MAP","0.00001","ohio",33
"1722",44,"MAP","0.00001","ohio",33
"1723",56,"MAP","0.00001","ohio",33
"1724",63,"MAP","0.00001","ohio",33
"1725",66,"MAP","0.00001","ohio",33
"1726",75,"MAP","0.00001","ohio",33
"1727",77,"MAP","0.00001","ohio",33
"1728",87,"MAP","0.00001","ohio",33
"1729",92,"MAP","0.00001","ohio",33
"1730",104,"MAP","0.00001","ohio",33
"1731",110,"MAP","0.00001","ohio",33
"1732",118,"MAP","0.00001","ohio",33
"1733",119,"MAP","0.00001","ohio",33
"1734",126,"MAP","0.00001","ohio",33
"1735",143,"MAP","0.00001","ohio",33
"1736",147,"MAP","0.00001","ohio",33
"1737",159,"MAP","0.00001","ohio",33
"1738",164,"MAP","0.00001","ohio",33
"1739",168,"MAP","0.00001","ohio",33
"1740",175,"MAP","0.00001","ohio",33
"1741",6,"MAP","0.01","oklahoma",34
"1742",8,"MAP","0.01","oklahoma",34
"1743",201,"MAP","0.01","oklahoma",34
"1744",208,"MAP","0.01","oklahoma",34
"1745",5,"MAP","0.001","oklahoma",34
"1746",8,"MAP","0.001","oklahoma",34
"1747",129,"MAP","0.001","oklahoma",34
"1748",207,"MAP","0.001","oklahoma",34
"1749",210,"MAP","0.001","oklahoma",34
"1750",5,"MAP","0.0001","oklahoma",34
"1751",8,"MAP","0.0001","oklahoma",34
"1752",34,"MAP","0.0001","oklahoma",34
"1753",59,"MAP","0.0001","oklahoma",34
"1754",137,"MAP","0.0001","oklahoma",34
"1755",207,"MAP","0.0001","oklahoma",34
"1756",208,"MAP","0.0001","oklahoma",34
"1757",210,"MAP","0.0001","oklahoma",34
"1758",5,"MAP","0.00001","oklahoma",34
"1759",10,"MAP","0.00001","oklahoma",34
"1760",33,"MAP","0.00001","oklahoma",34
"1761",36,"MAP","0.00001","oklahoma",34
"1762",50,"MAP","0.00001","oklahoma",34
"1763",65,"MAP","0.00001","oklahoma",34
"1764",79,"MAP","0.00001","oklahoma",34
"1765",82,"MAP","0.00001","oklahoma",34
"1766",91,"MAP","0.00001","oklahoma",34
"1767",102,"MAP","0.00001","oklahoma",34
"1768",108,"MAP","0.00001","oklahoma",34
"1769",113,"MAP","0.00001","oklahoma",34
"1770",124,"MAP","0.00001","oklahoma",34
"1771",132,"MAP","0.00001","oklahoma",34
"1772",148,"MAP","0.00001","oklahoma",34
"1773",157,"MAP","0.00001","oklahoma",34
"1774",180,"MAP","0.00001","oklahoma",34
"1775",184,"MAP","0.00001","oklahoma",34
"1776",199,"MAP","0.00001","oklahoma",34
"1777",207,"MAP","0.00001","oklahoma",34
"1778",208,"MAP","0.00001","oklahoma",34
"1779",209,"MAP","0.00001","oklahoma",34
"1780",210,"MAP","0.00001","oklahoma",34
"1781",8,"MAP","0.01","oregon",35
"1782",44,"MAP","0.01","oregon",35
"1783",46,"MAP","0.01","oregon",35
"1784",109,"MAP","0.01","oregon",35
"1785",7,"MAP","0.001","oregon",35
"1786",33,"MAP","0.001","oregon",35
"1787",45,"MAP","0.001","oregon",35
"1788",52,"MAP","0.001","oregon",35
"1789",122,"MAP","0.001","oregon",35
"1790",142,"MAP","0.001","oregon",35
"1791",1,"MAP","0.0001","oregon",35
"1792",9,"MAP","0.0001","oregon",35
"1793",31,"MAP","0.0001","oregon",35
"1794",39,"MAP","0.0001","oregon",35
"1795",45,"MAP","0.0001","oregon",35
"1796",48,"MAP","0.0001","oregon",35
"1797",63,"MAP","0.0001","oregon",35
"1798",82,"MAP","0.0001","oregon",35
"1799",117,"MAP","0.0001","oregon",35
"1800",136,"MAP","0.0001","oregon",35
"1801",145,"MAP","0.0001","oregon",35
"1802",1,"MAP","0.00001","oregon",35
"1803",9,"MAP","0.00001","oregon",35
"1804",30,"MAP","0.00001","oregon",35
"1805",37,"MAP","0.00001","oregon",35
"1806",45,"MAP","0.00001","oregon",35
"1807",47,"MAP","0.00001","oregon",35
"1808",52,"MAP","0.00001","oregon",35
"1809",60,"MAP","0.00001","oregon",35
"1810",65,"MAP","0.00001","oregon",35
"1811",74,"MAP","0.00001","oregon",35
"1812",98,"MAP","0.00001","oregon",35
"1813",114,"MAP","0.00001","oregon",35
"1814",135,"MAP","0.00001","oregon",35
"1815",138,"MAP","0.00001","oregon",35
"1816",144,"MAP","0.00001","oregon",35
"1817",147,"MAP","0.00001","oregon",35
"1818",154,"MAP","0.00001","oregon",35
"1819",163,"MAP","0.00001","oregon",35
"1820",181,"MAP","0.00001","oregon",35
"1821",11,"MAP","0.01","pennsylvania",36
"1822",75,"MAP","0.01","pennsylvania",36
"1823",99,"MAP","0.01","pennsylvania",36
"1824",107,"MAP","0.01","pennsylvania",36
"1825",4,"MAP","0.001","pennsylvania",36
"1826",25,"MAP","0.001","pennsylvania",36
"1827",48,"MAP","0.001","pennsylvania",36
"1828",70,"MAP","0.001","pennsylvania",36
"1829",94,"MAP","0.001","pennsylvania",36
"1830",99,"MAP","0.001","pennsylvania",36
"1831",109,"MAP","0.001","pennsylvania",36
"1832",3,"MAP","0.0001","pennsylvania",36
"1833",24,"MAP","0.0001","pennsylvania",36
"1834",25,"MAP","0.0001","pennsylvania",36
"1835",50,"MAP","0.0001","pennsylvania",36
"1836",68,"MAP","0.0001","pennsylvania",36
"1837",85,"MAP","0.0001","pennsylvania",36
"1838",99,"MAP","0.0001","pennsylvania",36
"1839",106,"MAP","0.0001","pennsylvania",36
"1840",118,"MAP","0.0001","pennsylvania",36
"1841",1,"MAP","0.00001","pennsylvania",36
"1842",2,"MAP","0.00001","pennsylvania",36
"1843",3,"MAP","0.00001","pennsylvania",36
"1844",14,"MAP","0.00001","pennsylvania",36
"1845",20,"MAP","0.00001","pennsylvania",36
"1846",26,"MAP","0.00001","pennsylvania",36
"1847",38,"MAP","0.00001","pennsylvania",36
"1848",41,"MAP","0.00001","pennsylvania",36
"1849",50,"MAP","0.00001","pennsylvania",36
"1850",69,"MAP","0.00001","pennsylvania",36
"1851",75,"MAP","0.00001","pennsylvania",36
"1852",83,"MAP","0.00001","pennsylvania",36
"1853",91,"MAP","0.00001","pennsylvania",36
"1854",94,"MAP","0.00001","pennsylvania",36
"1855",99,"MAP","0.00001","pennsylvania",36
"1856",106,"MAP","0.00001","pennsylvania",36
"1857",1,"MAP","0.01","rhode island",37
"1858",9,"MAP","0.01","rhode island",37
"1859",19,"MAP","0.01","rhode island",37
"1860",8,"MAP","0.001","rhode island",37
"1861",9,"MAP","0.001","rhode island",37
"1862",19,"MAP","0.001","rhode island",37
"1863",28,"MAP","0.001","rhode island",37
"1864",34,"MAP","0.001","rhode island",37
"1865",43,"MAP","0.001","rhode island",37
"1866",54,"MAP","0.001","rhode island",37
"1867",4,"MAP","0.0001","rhode island",37
"1868",7,"MAP","0.0001","rhode island",37
"1869",8,"MAP","0.0001","rhode island",37
"1870",9,"MAP","0.0001","rhode island",37
"1871",13,"MAP","0.0001","rhode island",37
"1872",16,"MAP","0.0001","rhode island",37
"1873",19,"MAP","0.0001","rhode island",37
"1874",28,"MAP","0.0001","rhode island",37
"1875",32,"MAP","0.0001","rhode island",37
"1876",35,"MAP","0.0001","rhode island",37
"1877",43,"MAP","0.0001","rhode island",37
"1878",55,"MAP","0.0001","rhode island",37
"1879",4,"MAP","0.00001","rhode island",37
"1880",6,"MAP","0.00001","rhode island",37
"1881",8,"MAP","0.00001","rhode island",37
"1882",9,"MAP","0.00001","rhode island",37
"1883",12,"MAP","0.00001","rhode island",37
"1884",14,"MAP","0.00001","rhode island",37
"1885",16,"MAP","0.00001","rhode island",37
"1886",19,"MAP","0.00001","rhode island",37
"1887",20,"MAP","0.00001","rhode island",37
"1888",21,"MAP","0.00001","rhode island",37
"1889",22,"MAP","0.00001","rhode island",37
"1890",24,"MAP","0.00001","rhode island",37
"1891",26,"MAP","0.00001","rhode island",37
"1892",28,"MAP","0.00001","rhode island",37
"1893",29,"MAP","0.00001","rhode island",37
"1894",30,"MAP","0.00001","rhode island",37
"1895",32,"MAP","0.00001","rhode island",37
"1896",33,"MAP","0.00001","rhode island",37
"1897",34,"MAP","0.00001","rhode island",37
"1898",37,"MAP","0.00001","rhode island",37
"1899",39,"MAP","0.00001","rhode island",37
"1900",45,"MAP","0.00001","rhode island",37
"1901",47,"MAP","0.00001","rhode island",37
"1902",50,"MAP","0.00001","rhode island",37
"1903",55,"MAP","0.00001","rhode island",37
"1904",27,"MAP","0.01","south carolina",38
"1905",35,"MAP","0.01","south carolina",38
"1906",158,"MAP","0.01","south carolina",38
"1907",242,"MAP","0.01","south carolina",38
"1908",15,"MAP","0.001","south carolina",38
"1909",32,"MAP","0.001","south carolina",38
"1910",36,"MAP","0.001","south carolina",38
"1911",55,"MAP","0.001","south carolina",38
"1912",162,"MAP","0.001","south carolina",38
"1913",182,"MAP","0.001","south carolina",38
"1914",242,"MAP","0.001","south carolina",38
"1915",15,"MAP","0.0001","south carolina",38
"1916",28,"MAP","0.0001","south carolina",38
"1917",32,"MAP","0.0001","south carolina",38
"1918",35,"MAP","0.0001","south carolina",38
"1919",43,"MAP","0.0001","south carolina",38
"1920",56,"MAP","0.0001","south carolina",38
"1921",132,"MAP","0.0001","south carolina",38
"1922",136,"MAP","0.0001","south carolina",38
"1923",151,"MAP","0.0001","south carolina",38
"1924",162,"MAP","0.0001","south carolina",38
"1925",185,"MAP","0.0001","south carolina",38
"1926",225,"MAP","0.0001","south carolina",38
"1927",228,"MAP","0.0001","south carolina",38
"1928",239,"MAP","0.0001","south carolina",38
"1929",244,"MAP","0.0001","south carolina",38
"1930",16,"MAP","0.00001","south carolina",38
"1931",27,"MAP","0.00001","south carolina",38
"1932",30,"MAP","0.00001","south carolina",38
"1933",32,"MAP","0.00001","south carolina",38
"1934",35,"MAP","0.00001","south carolina",38
"1935",38,"MAP","0.00001","south carolina",38
"1936",43,"MAP","0.00001","south carolina",38
"1937",55,"MAP","0.00001","south carolina",38
"1938",75,"MAP","0.00001","south carolina",38
"1939",84,"MAP","0.00001","south carolina",38
"1940",86,"MAP","0.00001","south carolina",38
"1941",97,"MAP","0.00001","south carolina",38
"1942",114,"MAP","0.00001","south carolina",38
"1943",119,"MAP","0.00001","south carolina",38
"1944",123,"MAP","0.00001","south carolina",38
"1945",130,"MAP","0.00001","south carolina",38
"1946",137,"MAP","0.00001","south carolina",38
"1947",143,"MAP","0.00001","south carolina",38
"1948",148,"MAP","0.00001","south carolina",38
"1949",160,"MAP","0.00001","south carolina",38
"1950",163,"MAP","0.00001","south carolina",38
"1951",171,"MAP","0.00001","south carolina",38
"1952",175,"MAP","0.00001","south carolina",38
"1953",187,"MAP","0.00001","south carolina",38
"1954",195,"MAP","0.00001","south carolina",38
"1955",206,"MAP","0.00001","south carolina",38
"1956",219,"MAP","0.00001","south carolina",38
"1957",228,"MAP","0.00001","south carolina",38
"1958",239,"MAP","0.00001","south carolina",38
"1959",241,"MAP","0.00001","south carolina",38
"1960",245,"MAP","0.00001","south carolina",38
"1961",58,"MAP","0.01","south dakota",39
"1962",62,"MAP","0.01","south dakota",39
"1963",65,"MAP","0.01","south dakota",39
"1964",113,"MAP","0.01","south dakota",39
"1965",55,"MAP","0.001","south dakota",39
"1966",56,"MAP","0.001","south dakota",39
"1967",62,"MAP","0.001","south dakota",39
"1968",65,"MAP","0.001","south dakota",39
"1969",114,"MAP","0.001","south dakota",39
"1970",3,"MAP","0.0001","south dakota",39
"1971",26,"MAP","0.0001","south dakota",39
"1972",56,"MAP","0.0001","south dakota",39
"1973",62,"MAP","0.0001","south dakota",39
"1974",66,"MAP","0.0001","south dakota",39
"1975",74,"MAP","0.0001","south dakota",39
"1976",79,"MAP","0.0001","south dakota",39
"1977",14,"MAP","0.00001","south dakota",39
"1978",29,"MAP","0.00001","south dakota",39
"1979",44,"MAP","0.00001","south dakota",39
"1980",54,"MAP","0.00001","south dakota",39
"1981",56,"MAP","0.00001","south dakota",39
"1982",62,"MAP","0.00001","south dakota",39
"1983",66,"MAP","0.00001","south dakota",39
"1984",74,"MAP","0.00001","south dakota",39
"1985",81,"MAP","0.00001","south dakota",39
"1986",94,"MAP","0.00001","south dakota",39
"1987",100,"MAP","0.00001","south dakota",39
"1988",111,"MAP","0.00001","south dakota",39
"1989",117,"MAP","0.00001","south dakota",39
"1990",37,"MAP","0.01","tennessee",40
"1991",69,"MAP","0.01","tennessee",40
"1992",146,"MAP","0.01","tennessee",40
"1993",153,"MAP","0.01","tennessee",40
"1994",32,"MAP","0.001","tennessee",40
"1995",34,"MAP","0.001","tennessee",40
"1996",49,"MAP","0.001","tennessee",40
"1997",68,"MAP","0.001","tennessee",40
"1998",85,"MAP","0.001","tennessee",40
"1999",146,"MAP","0.001","tennessee",40
"2000",155,"MAP","0.001","tennessee",40
"2001",157,"MAP","0.001","tennessee",40
"2002",181,"MAP","0.001","tennessee",40
"2003",183,"MAP","0.001","tennessee",40
"2004",184,"MAP","0.001","tennessee",40
"2005",32,"MAP","0.0001","tennessee",40
"2006",43,"MAP","0.0001","tennessee",40
"2007",46,"MAP","0.0001","tennessee",40
"2008",67,"MAP","0.0001","tennessee",40
"2009",75,"MAP","0.0001","tennessee",40
"2010",145,"MAP","0.0001","tennessee",40
"2011",148,"MAP","0.0001","tennessee",40
"2012",153,"MAP","0.0001","tennessee",40
"2013",164,"MAP","0.0001","tennessee",40
"2014",179,"MAP","0.0001","tennessee",40
"2015",192,"MAP","0.0001","tennessee",40
"2016",30,"MAP","0.00001","tennessee",40
"2017",34,"MAP","0.00001","tennessee",40
"2018",35,"MAP","0.00001","tennessee",40
"2019",42,"MAP","0.00001","tennessee",40
"2020",46,"MAP","0.00001","tennessee",40
"2021",67,"MAP","0.00001","tennessee",40
"2022",74,"MAP","0.00001","tennessee",40
"2023",76,"MAP","0.00001","tennessee",40
"2024",80,"MAP","0.00001","tennessee",40
"2025",88,"MAP","0.00001","tennessee",40
"2026",95,"MAP","0.00001","tennessee",40
"2027",97,"MAP","0.00001","tennessee",40
"2028",102,"MAP","0.00001","tennessee",40
"2029",125,"MAP","0.00001","tennessee",40
"2030",130,"MAP","0.00001","tennessee",40
"2031",139,"MAP","0.00001","tennessee",40
"2032",144,"MAP","0.00001","tennessee",40
"2033",147,"MAP","0.00001","tennessee",40
"2034",155,"MAP","0.00001","tennessee",40
"2035",164,"MAP","0.00001","tennessee",40
"2036",172,"MAP","0.00001","tennessee",40
"2037",176,"MAP","0.00001","tennessee",40
"2038",177,"MAP","0.00001","tennessee",40
"2039",181,"MAP","0.00001","tennessee",40
"2040",187,"MAP","0.00001","tennessee",40
"2041",197,"MAP","0.00001","tennessee",40
"2042",200,"MAP","0.00001","tennessee",40
"2043",210,"MAP","0.00001","tennessee",40
"2044",21,"MAP","0.01","texas",41
"2045",81,"MAP","0.01","texas",41
"2046",370,"MAP","0.01","texas",41
"2047",442,"MAP","0.01","texas",41
"2048",618,"MAP","0.01","texas",41
"2049",653,"MAP","0.01","texas",41
"2050",730,"MAP","0.01","texas",41
"2051",734,"MAP","0.01","texas",41
"2052",21,"MAP","0.001","texas",41
"2053",88,"MAP","0.001","texas",41
"2054",322,"MAP","0.001","texas",41
"2055",438,"MAP","0.001","texas",41
"2056",487,"MAP","0.001","texas",41
"2057",607,"MAP","0.001","texas",41
"2058",667,"MAP","0.001","texas",41
"2059",730,"MAP","0.001","texas",41
"2060",733,"MAP","0.001","texas",41
"2061",741,"MAP","0.001","texas",41
"2062",15,"MAP","0.0001","texas",41
"2063",70,"MAP","0.0001","texas",41
"2064",102,"MAP","0.0001","texas",41
"2065",151,"MAP","0.0001","texas",41
"2066",161,"MAP","0.0001","texas",41
"2067",302,"MAP","0.0001","texas",41
"2068",364,"MAP","0.0001","texas",41
"2069",435,"MAP","0.0001","texas",41
"2070",496,"MAP","0.0001","texas",41
"2071",576,"MAP","0.0001","texas",41
"2072",610,"MAP","0.0001","texas",41
"2073",626,"MAP","0.0001","texas",41
"2074",655,"MAP","0.0001","texas",41
"2075",683,"MAP","0.0001","texas",41
"2076",692,"MAP","0.0001","texas",41
"2077",730,"MAP","0.0001","texas",41
"2078",734,"MAP","0.0001","texas",41
"2079",782,"MAP","0.0001","texas",41
"2080",8,"MAP","0.00001","texas",41
"2081",17,"MAP","0.00001","texas",41
"2082",23,"MAP","0.00001","texas",41
"2083",62,"MAP","0.00001","texas",41
"2084",100,"MAP","0.00001","texas",41
"2085",121,"MAP","0.00001","texas",41
"2086",128,"MAP","0.00001","texas",41
"2087",134,"MAP","0.00001","texas",41
"2088",144,"MAP","0.00001","texas",41
"2089",162,"MAP","0.00001","texas",41
"2090",196,"MAP","0.00001","texas",41
"2091",239,"MAP","0.00001","texas",41
"2092",254,"MAP","0.00001","texas",41
"2093",258,"MAP","0.00001","texas",41
"2094",265,"MAP","0.00001","texas",41
"2095",281,"MAP","0.00001","texas",41
"2096",305,"MAP","0.00001","texas",41
"2097",311,"MAP","0.00001","texas",41
"2098",327,"MAP","0.00001","texas",41
"2099",344,"MAP","0.00001","texas",41
"2100",362,"MAP","0.00001","texas",41
"2101",386,"MAP","0.00001","texas",41
"2102",396,"MAP","0.00001","texas",41
"2103",425,"MAP","0.00001","texas",41
"2104",456,"MAP","0.00001","texas",41
"2105",501,"MAP","0.00001","texas",41
"2106",520,"MAP","0.00001","texas",41
"2107",523,"MAP","0.00001","texas",41
"2108",546,"MAP","0.00001","texas",41
"2109",577,"MAP","0.00001","texas",41
"2110",610,"MAP","0.00001","texas",41
"2111",630,"MAP","0.00001","texas",41
"2112",653,"MAP","0.00001","texas",41
"2113",656,"MAP","0.00001","texas",41
"2114",682,"MAP","0.00001","texas",41
"2115",696,"MAP","0.00001","texas",41
"2116",727,"MAP","0.00001","texas",41
"2117",731,"MAP","0.00001","texas",41
"2118",732,"MAP","0.00001","texas",41
"2119",733,"MAP","0.00001","texas",41
"2120",734,"MAP","0.00001","texas",41
"2121",775,"MAP","0.00001","texas",41
"2122",844,"MAP","0.00001","texas",41
"2123",850,"MAP","0.00001","texas",41
"2124",879,"MAP","0.00001","texas",41
"2125",908,"MAP","0.00001","texas",41
"2126",1,"MAP","0.01","utah",42
"2127",2,"MAP","0.01","utah",42
"2128",3,"MAP","0.01","utah",42
"2129",4,"MAP","0.01","utah",42
"2130",5,"MAP","0.01","utah",42
"2131",6,"MAP","0.01","utah",42
"2132",7,"MAP","0.01","utah",42
"2133",8,"MAP","0.01","utah",42
"2134",1,"MAP","0.001","utah",42
"2135",2,"MAP","0.001","utah",42
"2136",3,"MAP","0.001","utah",42
"2137",4,"MAP","0.001","utah",42
"2138",5,"MAP","0.001","utah",42
"2139",6,"MAP","0.001","utah",42
"2140",7,"MAP","0.001","utah",42
"2141",8,"MAP","0.001","utah",42
"2142",1,"MAP","0.0001","utah",42
"2143",2,"MAP","0.0001","utah",42
"2144",3,"MAP","0.0001","utah",42
"2145",4,"MAP","0.0001","utah",42
"2146",5,"MAP","0.0001","utah",42
"2147",6,"MAP","0.0001","utah",42
"2148",7,"MAP","0.0001","utah",42
"2149",8,"MAP","0.0001","utah",42
"2150",1,"MAP","0.00001","utah",42
"2151",2,"MAP","0.00001","utah",42
"2152",3,"MAP","0.00001","utah",42
"2153",4,"MAP","0.00001","utah",42
"2154",5,"MAP","0.00001","utah",42
"2155",6,"MAP","0.00001","utah",42
"2156",7,"MAP","0.00001","utah",42
"2157",8,"MAP","0.00001","utah",42
"2158",1,"MAP","0.01","vermont",43
"2159",2,"MAP","0.01","vermont",43
"2160",52,"MAP","0.01","vermont",43
"2161",55,"MAP","0.01","vermont",43
"2162",2,"MAP","0.001","vermont",43
"2163",11,"MAP","0.001","vermont",43
"2164",19,"MAP","0.001","vermont",43
"2165",52,"MAP","0.001","vermont",43
"2166",55,"MAP","0.001","vermont",43
"2167",100,"MAP","0.001","vermont",43
"2168",1,"MAP","0.0001","vermont",43
"2169",3,"MAP","0.0001","vermont",43
"2170",11,"MAP","0.0001","vermont",43
"2171",18,"MAP","0.0001","vermont",43
"2172",40,"MAP","0.0001","vermont",43
"2173",53,"MAP","0.0001","vermont",43
"2174",55,"MAP","0.0001","vermont",43
"2175",65,"MAP","0.0001","vermont",43
"2176",69,"MAP","0.0001","vermont",43
"2177",71,"MAP","0.0001","vermont",43
"2178",1,"MAP","0.00001","vermont",43
"2179",3,"MAP","0.00001","vermont",43
"2180",6,"MAP","0.00001","vermont",43
"2181",7,"MAP","0.00001","vermont",43
"2182",8,"MAP","0.00001","vermont",43
"2183",11,"MAP","0.00001","vermont",43
"2184",16,"MAP","0.00001","vermont",43
"2185",19,"MAP","0.00001","vermont",43
"2186",30,"MAP","0.00001","vermont",43
"2187",39,"MAP","0.00001","vermont",43
"2188",48,"MAP","0.00001","vermont",43
"2189",52,"MAP","0.00001","vermont",43
"2190",54,"MAP","0.00001","vermont",43
"2191",55,"MAP","0.00001","vermont",43
"2192",65,"MAP","0.00001","vermont",43
"2193",69,"MAP","0.00001","vermont",43
"2194",72,"MAP","0.00001","vermont",43
"2195",76,"MAP","0.00001","vermont",43
"2196",83,"MAP","0.00001","vermont",43
"2197",88,"MAP","0.00001","vermont",43
"2198",90,"MAP","0.00001","vermont",43
"2199",95,"MAP","0.00001","vermont",43
"2200",6,"MAP","0.01","virginia",44
"2201",202,"MAP","0.01","virginia",44
"2202",209,"MAP","0.01","virginia",44
"2203",352,"MAP","0.01","virginia",44
"2204",358,"MAP","0.01","virginia",44
"2205",1,"MAP","0.001","virginia",44
"2206",103,"MAP","0.001","virginia",44
"2207",122,"MAP","0.001","virginia",44
"2208",242,"MAP","0.001","virginia",44
"2209",266,"MAP","0.001","virginia",44
"2210",337,"MAP","0.001","virginia",44
"2211",361,"MAP","0.001","virginia",44
"2212",385,"MAP","0.001","virginia",44
"2213",421,"MAP","0.001","virginia",44
"2214",504,"MAP","0.001","virginia",44
"2215",2,"MAP","0.0001","virginia",44
"2216",24,"MAP","0.0001","virginia",44
"2217",40,"MAP","0.0001","virginia",44
"2218",85,"MAP","0.0001","virginia",44
"2219",108,"MAP","0.0001","virginia",44
"2220",130,"MAP","0.0001","virginia",44
"2221",171,"MAP","0.0001","virginia",44
"2222",207,"MAP","0.0001","virginia",44
"2223",242,"MAP","0.0001","virginia",44
"2224",273,"MAP","0.0001","virginia",44
"2225",307,"MAP","0.0001","virginia",44
"2226",326,"MAP","0.0001","virginia",44
"2227",334,"MAP","0.0001","virginia",44
"2228",361,"MAP","0.0001","virginia",44
"2229",390,"MAP","0.0001","virginia",44
"2230",403,"MAP","0.0001","virginia",44
"2231",432,"MAP","0.0001","virginia",44
"2232",464,"MAP","0.0001","virginia",44
"2233",468,"MAP","0.0001","virginia",44
"2234",504,"MAP","0.0001","virginia",44
"2235",2,"MAP","0.00001","virginia",44
"2236",24,"MAP","0.00001","virginia",44
"2237",40,"MAP","0.00001","virginia",44
"2238",55,"MAP","0.00001","virginia",44
"2239",86,"MAP","0.00001","virginia",44
"2240",96,"MAP","0.00001","virginia",44
"2241",108,"MAP","0.00001","virginia",44
"2242",131,"MAP","0.00001","virginia",44
"2243",169,"MAP","0.00001","virginia",44
"2244",174,"MAP","0.00001","virginia",44
"2245",186,"MAP","0.00001","virginia",44
"2246",198,"MAP","0.00001","virginia",44
"2247",207,"MAP","0.00001","virginia",44
"2248",241,"MAP","0.00001","virginia",44
"2249",247,"MAP","0.00001","virginia",44
"2250",269,"MAP","0.00001","virginia",44
"2251",276,"MAP","0.00001","virginia",44
"2252",288,"MAP","0.00001","virginia",44
"2253",306,"MAP","0.00001","virginia",44
"2254",325,"MAP","0.00001","virginia",44
"2255",336,"MAP","0.00001","virginia",44
"2256",342,"MAP","0.00001","virginia",44
"2257",359,"MAP","0.00001","virginia",44
"2258",362,"MAP","0.00001","virginia",44
"2259",386,"MAP","0.00001","virginia",44
"2260",396,"MAP","0.00001","virginia",44
"2261",404,"MAP","0.00001","virginia",44
"2262",411,"MAP","0.00001","virginia",44
"2263",413,"MAP","0.00001","virginia",44
"2264",433,"MAP","0.00001","virginia",44
"2265",464,"MAP","0.00001","virginia",44
"2266",469,"MAP","0.00001","virginia",44
"2267",484,"MAP","0.00001","virginia",44
"2268",487,"MAP","0.00001","virginia",44
"2269",502,"MAP","0.00001","virginia",44
"2270",508,"MAP","0.00001","virginia",44
"2271",512,"MAP","0.00001","virginia",44
"2272",40,"MAP","0.01","washington",45
"2273",131,"MAP","0.01","washington",45
"2274",172,"MAP","0.01","washington",45
"2275",385,"MAP","0.01","washington",45
"2276",387,"MAP","0.01","washington",45
"2277",37,"MAP","0.001","washington",45
"2278",83,"MAP","0.001","washington",45
"2279",137,"MAP","0.001","washington",45
"2280",179,"MAP","0.001","washington",45
"2281",271,"MAP","0.001","washington",45
"2282",317,"MAP","0.001","washington",45
"2283",385,"MAP","0.001","washington",45
"2284",386,"MAP","0.001","washington",45
"2285",391,"MAP","0.001","washington",45
"2286",39,"MAP","0.0001","washington",45
"2287",49,"MAP","0.0001","washington",45
"2288",72,"MAP","0.0001","washington",45
"2289",93,"MAP","0.0001","washington",45
"2290",136,"MAP","0.0001","washington",45
"2291",179,"MAP","0.0001","washington",45
"2292",214,"MAP","0.0001","washington",45
"2293",220,"MAP","0.0001","washington",45
"2294",255,"MAP","0.0001","washington",45
"2295",289,"MAP","0.0001","washington",45
"2296",315,"MAP","0.0001","washington",45
"2297",337,"MAP","0.0001","washington",45
"2298",384,"MAP","0.0001","washington",45
"2299",386,"MAP","0.0001","washington",45
"2300",393,"MAP","0.0001","washington",45
"2301",1,"MAP","0.00001","washington",45
"2302",5,"MAP","0.00001","washington",45
"2303",25,"MAP","0.00001","washington",45
"2304",30,"MAP","0.00001","washington",45
"2305",36,"MAP","0.00001","washington",45
"2306",40,"MAP","0.00001","washington",45
"2307",49,"MAP","0.00001","washington",45
"2308",72,"MAP","0.00001","washington",45
"2309",79,"MAP","0.00001","washington",45
"2310",81,"MAP","0.00001","washington",45
"2311",89,"MAP","0.00001","washington",45
"2312",97,"MAP","0.00001","washington",45
"2313",102,"MAP","0.00001","washington",45
"2314",109,"MAP","0.00001","washington",45
"2315",116,"MAP","0.00001","washington",45
"2316",123,"MAP","0.00001","washington",45
"2317",132,"MAP","0.00001","washington",45
"2318",136,"MAP","0.00001","washington",45
"2319",176,"MAP","0.00001","washington",45
"2320",181,"MAP","0.00001","washington",45
"2321",198,"MAP","0.00001","washington",45
"2322",202,"MAP","0.00001","washington",45
"2323",207,"MAP","0.00001","washington",45
"2324",212,"MAP","0.00001","washington",45
"2325",224,"MAP","0.00001","washington",45
"2326",244,"MAP","0.00001","washington",45
"2327",249,"MAP","0.00001","washington",45
"2328",257,"MAP","0.00001","washington",45
"2329",261,"MAP","0.00001","washington",45
"2330",270,"MAP","0.00001","washington",45
"2331",275,"MAP","0.00001","washington",45
"2332",288,"MAP","0.00001","washington",45
"2333",305,"MAP","0.00001","washington",45
"2334",318,"MAP","0.00001","washington",45
"2335",328,"MAP","0.00001","washington",45
"2336",335,"MAP","0.00001","washington",45
"2337",342,"MAP","0.00001","washington",45
"2338",351,"MAP","0.00001","washington",45
"2339",357,"MAP","0.00001","washington",45
"2340",364,"MAP","0.00001","washington",45
"2341",382,"MAP","0.00001","washington",45
"2342",386,"MAP","0.00001","washington",45
"2343",62,"MAP","0.01","west virginia",46
"2344",173,"MAP","0.01","west virginia",46
"2345",225,"MAP","0.01","west virginia",46
"2346",313,"MAP","0.01","west virginia",46
"2347",315,"MAP","0.01","west virginia",46
"2348",3,"MAP","0.001","west virginia",46
"2349",48,"MAP","0.001","west virginia",46
"2350",73,"MAP","0.001","west virginia",46
"2351",81,"MAP","0.001","west virginia",46
"2352",158,"MAP","0.001","west virginia",46
"2353",184,"MAP","0.001","west virginia",46
"2354",222,"MAP","0.001","west virginia",46
"2355",233,"MAP","0.001","west virginia",46
"2356",294,"MAP","0.001","west virginia",46
"2357",307,"MAP","0.001","west virginia",46
"2358",1,"MAP","0.0001","west virginia",46
"2359",2,"MAP","0.0001","west virginia",46
"2360",18,"MAP","0.0001","west virginia",46
"2361",56,"MAP","0.0001","west virginia",46
"2362",73,"MAP","0.0001","west virginia",46
"2363",76,"MAP","0.0001","west virginia",46
"2364",77,"MAP","0.0001","west virginia",46
"2365",88,"MAP","0.0001","west virginia",46
"2366",107,"MAP","0.0001","west virginia",46
"2367",118,"MAP","0.0001","west virginia",46
"2368",123,"MAP","0.0001","west virginia",46
"2369",155,"MAP","0.0001","west virginia",46
"2370",185,"MAP","0.0001","west virginia",46
"2371",221,"MAP","0.0001","west virginia",46
"2372",231,"MAP","0.0001","west virginia",46
"2373",250,"MAP","0.0001","west virginia",46
"2374",257,"MAP","0.0001","west virginia",46
"2375",270,"MAP","0.0001","west virginia",46
"2376",284,"MAP","0.0001","west virginia",46
"2377",306,"MAP","0.0001","west virginia",46
"2378",315,"MAP","0.0001","west virginia",46
"2379",1,"MAP","0.00001","west virginia",46
"2380",2,"MAP","0.00001","west virginia",46
"2381",23,"MAP","0.00001","west virginia",46
"2382",28,"MAP","0.00001","west virginia",46
"2383",38,"MAP","0.00001","west virginia",46
"2384",48,"MAP","0.00001","west virginia",46
"2385",56,"MAP","0.00001","west virginia",46
"2386",71,"MAP","0.00001","west virginia",46
"2387",76,"MAP","0.00001","west virginia",46
"2388",77,"MAP","0.00001","west virginia",46
"2389",87,"MAP","0.00001","west virginia",46
"2390",99,"MAP","0.00001","west virginia",46
"2391",103,"MAP","0.00001","west virginia",46
"2392",117,"MAP","0.00001","west virginia",46
"2393",123,"MAP","0.00001","west virginia",46
"2394",127,"MAP","0.00001","west virginia",46
"2395",146,"MAP","0.00001","west virginia",46
"2396",153,"MAP","0.00001","west virginia",46
"2397",173,"MAP","0.00001","west virginia",46
"2398",176,"MAP","0.00001","west virginia",46
"2399",184,"MAP","0.00001","west virginia",46
"2400",190,"MAP","0.00001","west virginia",46
"2401",198,"MAP","0.00001","west virginia",46
"2402",213,"MAP","0.00001","west virginia",46
"2403",225,"MAP","0.00001","west virginia",46
"2404",236,"MAP","0.00001","west virginia",46
"2405",241,"MAP","0.00001","west virginia",46
"2406",245,"MAP","0.00001","west virginia",46
"2407",250,"MAP","0.00001","west virginia",46
"2408",257,"MAP","0.00001","west virginia",46
"2409",270,"MAP","0.00001","west virginia",46
"2410",284,"MAP","0.00001","west virginia",46
"2411",302,"MAP","0.00001","west virginia",46
"2412",310,"MAP","0.00001","west virginia",46
"2413",312,"MAP","0.00001","west virginia",46
"2414",315,"MAP","0.00001","west virginia",46
"2415",1,"MAP","0.01","wisconsin",47
"2416",3,"MAP","0.01","wisconsin",47
"2417",81,"MAP","0.01","wisconsin",47
"2418",114,"MAP","0.01","wisconsin",47
"2419",185,"MAP","0.01","wisconsin",47
"2420",232,"MAP","0.01","wisconsin",47
"2421",241,"MAP","0.01","wisconsin",47
"2422",10,"MAP","0.001","wisconsin",47
"2423",38,"MAP","0.001","wisconsin",47
"2424",64,"MAP","0.001","wisconsin",47
"2425",98,"MAP","0.001","wisconsin",47
"2426",128,"MAP","0.001","wisconsin",47
"2427",184,"MAP","0.001","wisconsin",47
"2428",229,"MAP","0.001","wisconsin",47
"2429",259,"MAP","0.001","wisconsin",47
"2430",310,"MAP","0.001","wisconsin",47
"2431",328,"MAP","0.001","wisconsin",47
"2432",1,"MAP","0.0001","wisconsin",47
"2433",5,"MAP","0.0001","wisconsin",47
"2434",13,"MAP","0.0001","wisconsin",47
"2435",37,"MAP","0.0001","wisconsin",47
"2436",63,"MAP","0.0001","wisconsin",47
"2437",78,"MAP","0.0001","wisconsin",47
"2438",81,"MAP","0.0001","wisconsin",47
"2439",97,"MAP","0.0001","wisconsin",47
"2440",98,"MAP","0.0001","wisconsin",47
"2441",123,"MAP","0.0001","wisconsin",47
"2442",130,"MAP","0.0001","wisconsin",47
"2443",182,"MAP","0.0001","wisconsin",47
"2444",205,"MAP","0.0001","wisconsin",47
"2445",226,"MAP","0.0001","wisconsin",47
"2446",265,"MAP","0.0001","wisconsin",47
"2447",284,"MAP","0.0001","wisconsin",47
"2448",311,"MAP","0.0001","wisconsin",47
"2449",1,"MAP","0.00001","wisconsin",47
"2450",4,"MAP","0.00001","wisconsin",47
"2451",13,"MAP","0.00001","wisconsin",47
"2452",16,"MAP","0.00001","wisconsin",47
"2453",20,"MAP","0.00001","wisconsin",47
"2454",25,"MAP","0.00001","wisconsin",47
"2455",35,"MAP","0.00001","wisconsin",47
"2456",45,"MAP","0.00001","wisconsin",47
"2457",47,"MAP","0.00001","wisconsin",47
"2458",63,"MAP","0.00001","wisconsin",47
"2459",73,"MAP","0.00001","wisconsin",47
"2460",77,"MAP","0.00001","wisconsin",47
"2461",81,"MAP","0.00001","wisconsin",47
"2462",89,"MAP","0.00001","wisconsin",47
"2463",96,"MAP","0.00001","wisconsin",47
"2464",98,"MAP","0.00001","wisconsin",47
"2465",105,"MAP","0.00001","wisconsin",47
"2466",109,"MAP","0.00001","wisconsin",47
"2467",121,"MAP","0.00001","wisconsin",47
"2468",124,"MAP","0.00001","wisconsin",47
"2469",133,"MAP","0.00001","wisconsin",47
"2470",136,"MAP","0.00001","wisconsin",47
"2471",147,"MAP","0.00001","wisconsin",47
"2472",150,"MAP","0.00001","wisconsin",47
"2473",170,"MAP","0.00001","wisconsin",47
"2474",176,"MAP","0.00001","wisconsin",47
"2475",185,"MAP","0.00001","wisconsin",47
"2476",195,"MAP","0.00001","wisconsin",47
"2477",199,"MAP","0.00001","wisconsin",47
"2478",202,"MAP","0.00001","wisconsin",47
"2479",208,"MAP","0.00001","wisconsin",47
"2480",212,"MAP","0.00001","wisconsin",47
"2481",225,"MAP","0.00001","wisconsin",47
"2482",228,"MAP","0.00001","wisconsin",47
"2483",235,"MAP","0.00001","wisconsin",47
"2484",245,"MAP","0.00001","wisconsin",47
"2485",247,"MAP","0.00001","wisconsin",47
"2486",261,"MAP","0.00001","wisconsin",47
"2487",265,"MAP","0.00001","wisconsin",47
"2488",283,"MAP","0.00001","wisconsin",47
"2489",311,"MAP","0.00001","wisconsin",47
"2490",325,"MAP","0.00001","wisconsin",47
"2491",2,"MAP","0.01","wyoming",48
"2492",3,"MAP","0.01","wyoming",48
"2493",6,"MAP","0.01","wyoming",48
"2494",11,"MAP","0.01","wyoming",48
"2495",2,"MAP","0.001","wyoming",48
"2496",3,"MAP","0.001","wyoming",48
"2497",6,"MAP","0.001","wyoming",48
"2498",11,"MAP","0.001","wyoming",48
"2499",2,"MAP","0.0001","wyoming",48
"2500",3,"MAP","0.0001","wyoming",48
"2501",6,"MAP","0.0001","wyoming",48
"2502",11,"MAP","0.0001","wyoming",48
"2503",2,"MAP","0.00001","wyoming",48
"2504",3,"MAP","0.00001","wyoming",48
"2505",6,"MAP","0.00001","wyoming",48
"2506",11,"MAP","0.00001","wyoming",48
