num,equil,pn,elapse,method
4,FALSE,100,5.5793,ALDUQ
4,FALSE,100,5.9198,ALDUQ
4,FALSE,100,5.5176,ALDUQ
4,FALSE,100,5.1984,ALDUQ
4,FALSE,100,5.492,ALDUQ
4,FALSE,100,5.3728,ALDUQ
4,FALSE,100,5.4095,ALDUQ
4,FALSE,100,5.4995,ALDUQ
4,FALSE,100,5.9304,ALDUQ
4,FALSE,100,5.5646,ALDUQ
4,FALSE,100,5.3612,ALDUQ
4,FALSE,100,5.5934,ALDUQ
4,FALSE,100,5.3615,ALDUQ
4,FALSE,100,5.2527,ALDUQ
4,FALSE,100,5.6312,ALDUQ
4,FALSE,100,5.1633,ALDUQ
4,FALSE,100,5.415,ALDUQ
4,FALSE,100,5.3266,ALDUQ
4,FALSE,100,5.6059,ALDUQ
4,FALSE,100,5.257,ALDUQ
4,FALSE,100,5.4682,ALDUQ
4,FALSE,100,5.5235,ALDUQ
4,FALSE,100,5.443,ALDUQ
4,FALSE,100,5.4312,ALDUQ
4,FALSE,100,5.6819,ALDUQ
4,FALSE,100,5.2867,ALDUQ
4,FALSE,100,5.8321,ALDUQ
4,FALSE,100,5.6264,ALDUQ
4,FALSE,100,5.424,ALDUQ
4,FALSE,100,5.6749,ALDUQ
4,FALSE,100,5.6404,ALDUQ
4,FALSE,100,5.4212,ALDUQ
4,FALSE,100,5.4495,ALDUQ
4,FALSE,100,5.4431,ALDUQ
4,FALSE,100,5.5588,ALDUQ
4,FALSE,100,5.3261,ALDUQ
4,FALSE,100,5.4985,ALDUQ
4,FALSE,100,5.6832,ALDUQ
4,FALSE,100,5.6064,ALDUQ
4,FALSE,100,5.5853,ALDUQ
4,FALSE,100,5.439,ALDUQ
4,FALSE,100,5.8931,ALDUQ
4,FALSE,100,5.463,ALDUQ
4,FALSE,100,5.7158,ALDUQ
4,FALSE,100,5.6037,ALDUQ
4,FALSE,100,5.609,ALDUQ
4,FALSE,100,5.4411,ALDUQ
4,FALSE,100,5.4344,ALDUQ
4,FALSE,100,5.8609,ALDUQ
4,FALSE,100,5.7899,ALDUQ
4,FALSE,150,9.522,ALDUQ
4,FALSE,150,9.7376,ALDUQ
4,FALSE,150,9.6161,ALDUQ
4,FALSE,150,9.4817,ALDUQ
4,FALSE,150,9.3928,ALDUQ
4,FALSE,150,9.5624,ALDUQ
4,FALSE,150,9.5582,ALDUQ
4,FALSE,150,9.6034,ALDUQ
4,FALSE,150,9.9671,ALDUQ
4,FALSE,150,9.9568,ALDUQ
4,FALSE,150,9.7132,ALDUQ
4,FALSE,150,9.6549,ALDUQ
4,FALSE,150,10.3486,ALDUQ
4,FALSE,150,9.5436,ALDUQ
4,FALSE,150,10.545,ALDUQ
4,FALSE,150,9.4607,ALDUQ
4,FALSE,150,9.4447,ALDUQ
4,FALSE,150,10.0819,ALDUQ
4,FALSE,150,9.5333,ALDUQ
4,FALSE,150,9.4217,ALDUQ
4,FALSE,150,9.5479,ALDUQ
4,FALSE,150,10.1378,ALDUQ
4,FALSE,150,9.812,ALDUQ
4,FALSE,150,10.1987,ALDUQ
4,FALSE,150,10.2382,ALDUQ
4,FALSE,150,9.8016,ALDUQ
4,FALSE,150,9.9953,ALDUQ
4,FALSE,150,9.6629,ALDUQ
4,FALSE,150,9.6692,ALDUQ
4,FALSE,150,10.0119,ALDUQ
4,FALSE,150,9.5988,ALDUQ
4,FALSE,150,9.5247,ALDUQ
4,FALSE,150,9.6479,ALDUQ
4,FALSE,150,9.5555,ALDUQ
4,FALSE,150,9.3302,ALDUQ
4,FALSE,150,9.8539,ALDUQ
4,FALSE,150,11.6201,ALDUQ
4,FALSE,150,9.9483,ALDUQ
4,FALSE,150,9.7716,ALDUQ
4,FALSE,150,9.8909,ALDUQ
4,FALSE,150,11.1405,ALDUQ
4,FALSE,150,9.4912,ALDUQ
4,FALSE,150,9.5609,ALDUQ
4,FALSE,150,9.9225,ALDUQ
4,FALSE,150,9.974,ALDUQ
4,FALSE,150,9.9794,ALDUQ
4,FALSE,150,10.2845,ALDUQ
4,FALSE,150,9.827,ALDUQ
4,FALSE,150,9.8752,ALDUQ
4,FALSE,150,9.3224,ALDUQ
4,FALSE,200,20.1845,ALDUQ
4,FALSE,200,19.3241,ALDUQ
4,FALSE,200,18.3756,ALDUQ
4,FALSE,200,17.9988,ALDUQ
4,FALSE,200,17.5772,ALDUQ
4,FALSE,200,18.7066,ALDUQ
4,FALSE,200,19.7498,ALDUQ
4,FALSE,200,18.8258,ALDUQ
4,FALSE,200,18.3711,ALDUQ
4,FALSE,200,17.8835,ALDUQ
4,FALSE,200,18.4286,ALDUQ
4,FALSE,200,19.4222,ALDUQ
4,FALSE,200,18.8372,ALDUQ
4,FALSE,200,18.6444,ALDUQ
4,FALSE,200,18.2857,ALDUQ
4,FALSE,200,19.2249,ALDUQ
4,FALSE,200,19.7031,ALDUQ
4,FALSE,200,19.9703,ALDUQ
4,FALSE,200,18.5643,ALDUQ
4,FALSE,200,20.5147,ALDUQ
4,FALSE,200,17.2427,ALDUQ
4,FALSE,200,19.7433,ALDUQ
4,FALSE,200,17.985,ALDUQ
4,FALSE,200,18.2632,ALDUQ
4,FALSE,200,18.3982,ALDUQ
4,FALSE,200,18.0608,ALDUQ
4,FALSE,200,19.8169,ALDUQ
4,FALSE,200,19.9969,ALDUQ
4,FALSE,200,18.5352,ALDUQ
4,FALSE,200,18.6963,ALDUQ
4,FALSE,200,18.4278,ALDUQ
4,FALSE,200,18.4439,ALDUQ
4,FALSE,200,19.4494,ALDUQ
4,FALSE,200,17.8316,ALDUQ
4,FALSE,200,19.5292,ALDUQ
4,FALSE,200,18.7086,ALDUQ
4,FALSE,200,19.2032,ALDUQ
4,FALSE,200,18.9041,ALDUQ
4,FALSE,200,19.9441,ALDUQ
4,FALSE,200,18.9236,ALDUQ
4,FALSE,200,19.3123,ALDUQ
4,FALSE,200,18.8979,ALDUQ
4,FALSE,200,18.9076,ALDUQ
4,FALSE,200,18.9983,ALDUQ
4,FALSE,200,19.084,ALDUQ
4,FALSE,200,18.5761,ALDUQ
4,FALSE,200,19.7155,ALDUQ
4,FALSE,200,17.9229,ALDUQ
4,FALSE,200,19.8041,ALDUQ
4,FALSE,200,18.8184,ALDUQ
4,FALSE,300,33.7316,ALDUQ
4,FALSE,300,32.54,ALDUQ
4,FALSE,300,34.6166,ALDUQ
4,FALSE,300,37.0508,ALDUQ
4,FALSE,300,34.1679,ALDUQ
4,FALSE,300,33.5552,ALDUQ
4,FALSE,300,33.6301,ALDUQ
4,FALSE,300,32.2292,ALDUQ
4,FALSE,300,31.7793,ALDUQ
4,FALSE,300,34.0567,ALDUQ
4,FALSE,300,32.4526,ALDUQ
4,FALSE,300,34.5997,ALDUQ
4,FALSE,300,34.561,ALDUQ
4,FALSE,300,32.6276,ALDUQ
4,FALSE,300,33.0018,ALDUQ
4,FALSE,300,32.0457,ALDUQ
4,FALSE,300,34.6989,ALDUQ
4,FALSE,300,36.1053,ALDUQ
4,FALSE,300,36.0054,ALDUQ
4,FALSE,300,33.0279,ALDUQ
4,FALSE,300,34.1069,ALDUQ
4,FALSE,300,33.4312,ALDUQ
4,FALSE,300,32.3842,ALDUQ
4,FALSE,300,33.8691,ALDUQ
4,FALSE,300,32.0992,ALDUQ
4,FALSE,300,33.0038,ALDUQ
4,FALSE,300,33.978,ALDUQ
4,FALSE,300,34.5263,ALDUQ
4,FALSE,300,35.6736,ALDUQ
4,FALSE,300,31.9997,ALDUQ
4,FALSE,300,34.425,ALDUQ
4,FALSE,300,33.5077,ALDUQ
4,FALSE,300,33.2727,ALDUQ
4,FALSE,300,33.2969,ALDUQ
4,FALSE,300,36.5743,ALDUQ
4,FALSE,300,33.7262,ALDUQ
4,FALSE,300,34.9364,ALDUQ
4,FALSE,300,33.3998,ALDUQ
4,FALSE,300,32.4368,ALDUQ
4,FALSE,300,34.9305,ALDUQ
4,FALSE,300,34.5638,ALDUQ
4,FALSE,300,33.1039,ALDUQ
4,FALSE,300,32.8579,ALDUQ
4,FALSE,300,34.2843,ALDUQ
4,FALSE,300,31.9242,ALDUQ
4,FALSE,300,33.3196,ALDUQ
4,FALSE,300,32.2118,ALDUQ
4,FALSE,300,33.6418,ALDUQ
4,FALSE,300,33.9501,ALDUQ
4,FALSE,300,34.0857,ALDUQ
4,FALSE,500,72.841,ALDUQ
4,FALSE,500,70.7369,ALDUQ
4,FALSE,500,68.977,ALDUQ
4,FALSE,500,70.9264,ALDUQ
4,FALSE,500,76.9931,ALDUQ
4,FALSE,500,68.9747,ALDUQ
4,FALSE,500,68.7214,ALDUQ
4,FALSE,500,66.4075,ALDUQ
4,FALSE,500,71.9426,ALDUQ
4,FALSE,500,67.1062,ALDUQ
4,FALSE,500,68.3972,ALDUQ
4,FALSE,500,69.0534,ALDUQ
4,FALSE,500,73.859,ALDUQ
4,FALSE,500,68.9225,ALDUQ
4,FALSE,500,69.7342,ALDUQ
4,FALSE,500,72.0308,ALDUQ
4,FALSE,500,76.8411,ALDUQ
4,FALSE,500,69.4843,ALDUQ
4,FALSE,500,70.638,ALDUQ
4,FALSE,500,74.4937,ALDUQ
4,FALSE,500,73.1501,ALDUQ
4,FALSE,500,68.3274,ALDUQ
4,FALSE,500,71.3685,ALDUQ
4,FALSE,500,73.697,ALDUQ
4,FALSE,500,76.6954,ALDUQ
4,FALSE,500,68.2991,ALDUQ
4,FALSE,500,67.7488,ALDUQ
4,FALSE,500,73.0096,ALDUQ
4,FALSE,500,69.6119,ALDUQ
4,FALSE,500,66.4162,ALDUQ
4,FALSE,500,70.5689,ALDUQ
4,FALSE,500,69.7088,ALDUQ
4,FALSE,500,68.091,ALDUQ
4,FALSE,500,69.8516,ALDUQ
4,FALSE,500,68.3861,ALDUQ
4,FALSE,500,68.6509,ALDUQ
4,FALSE,500,66.6276,ALDUQ
4,FALSE,500,65.5226,ALDUQ
4,FALSE,500,69.7272,ALDUQ
4,FALSE,500,67.0725,ALDUQ
4,FALSE,500,66.2092,ALDUQ
4,FALSE,500,69.7923,ALDUQ
4,FALSE,500,70.4982,ALDUQ
4,FALSE,500,67.1804,ALDUQ
4,FALSE,500,76.2324,ALDUQ
4,FALSE,500,70.4717,ALDUQ
4,FALSE,500,67.7399,ALDUQ
4,FALSE,500,67.3389,ALDUQ
4,FALSE,500,68.9131,ALDUQ
4,FALSE,500,69.7964,ALDUQ
4,TRUE,100,6.0071,ALDUQ
4,TRUE,100,5.8291,ALDUQ
4,TRUE,100,5.6288,ALDUQ
4,TRUE,100,5.981,ALDUQ
4,TRUE,100,6.8014,ALDUQ
4,TRUE,100,5.5672,ALDUQ
4,TRUE,100,5.8156,ALDUQ
4,TRUE,100,5.61,ALDUQ
4,TRUE,100,5.5565,ALDUQ
4,TRUE,100,5.9163,ALDUQ
4,TRUE,100,5.9226,ALDUQ
4,TRUE,100,5.9417,ALDUQ
4,TRUE,100,5.7617,ALDUQ
4,TRUE,100,5.8434,ALDUQ
4,TRUE,100,5.9441,ALDUQ
4,TRUE,100,5.554,ALDUQ
4,TRUE,100,5.604,ALDUQ
4,TRUE,100,5.6876,ALDUQ
4,TRUE,100,5.8727,ALDUQ
4,TRUE,100,6.3254,ALDUQ
4,TRUE,100,5.5895,ALDUQ
4,TRUE,100,5.7526,ALDUQ
4,TRUE,100,5.7859,ALDUQ
4,TRUE,100,5.7573,ALDUQ
4,TRUE,100,5.8842,ALDUQ
4,TRUE,100,5.9641,ALDUQ
4,TRUE,100,5.8644,ALDUQ
4,TRUE,100,5.7081,ALDUQ
4,TRUE,100,5.9875,ALDUQ
4,TRUE,100,5.5793,ALDUQ
4,TRUE,100,5.9262,ALDUQ
4,TRUE,100,5.6218,ALDUQ
4,TRUE,100,5.6274,ALDUQ
4,TRUE,100,5.6409,ALDUQ
4,TRUE,100,5.5573,ALDUQ
4,TRUE,100,5.6226,ALDUQ
4,TRUE,100,5.6858,ALDUQ
4,TRUE,100,6.4141,ALDUQ
4,TRUE,100,5.7609,ALDUQ
4,TRUE,100,5.8743,ALDUQ
4,TRUE,100,5.9512,ALDUQ
4,TRUE,100,5.6417,ALDUQ
4,TRUE,100,5.9859,ALDUQ
4,TRUE,100,5.7386,ALDUQ
4,TRUE,100,5.4608,ALDUQ
4,TRUE,100,5.661,ALDUQ
4,TRUE,100,5.5103,ALDUQ
4,TRUE,100,5.8426,ALDUQ
4,TRUE,100,6.234,ALDUQ
4,TRUE,100,5.7726,ALDUQ
4,TRUE,150,10.5253,ALDUQ
4,TRUE,150,10.2102,ALDUQ
4,TRUE,150,11.6591,ALDUQ
4,TRUE,150,10.1174,ALDUQ
4,TRUE,150,11.6275,ALDUQ
4,TRUE,150,9.8632,ALDUQ
4,TRUE,150,9.956,ALDUQ
4,TRUE,150,10.5082,ALDUQ
4,TRUE,150,10.1654,ALDUQ
4,TRUE,150,10.7154,ALDUQ
4,TRUE,150,10.211,ALDUQ
4,TRUE,150,10.6414,ALDUQ
4,TRUE,150,9.888,ALDUQ
4,TRUE,150,10.2459,ALDUQ
4,TRUE,150,10.551,ALDUQ
4,TRUE,150,10.207,ALDUQ
4,TRUE,150,10.6782,ALDUQ
4,TRUE,150,9.895,ALDUQ
4,TRUE,150,11.2007,ALDUQ
4,TRUE,150,10.4449,ALDUQ
4,TRUE,150,10.0742,ALDUQ
4,TRUE,150,9.8638,ALDUQ
4,TRUE,150,10.2297,ALDUQ
4,TRUE,150,9.5046,ALDUQ
4,TRUE,150,10.4006,ALDUQ
4,TRUE,150,10.5216,ALDUQ
4,TRUE,150,10.1861,ALDUQ
4,TRUE,150,10.0942,ALDUQ
4,TRUE,150,10.5274,ALDUQ
4,TRUE,150,9.695,ALDUQ
4,TRUE,150,9.8911,ALDUQ
4,TRUE,150,10.2973,ALDUQ
4,TRUE,150,10.2422,ALDUQ
4,TRUE,150,10.3637,ALDUQ
4,TRUE,150,10.0764,ALDUQ
4,TRUE,150,9.6253,ALDUQ
4,TRUE,150,10.2329,ALDUQ
4,TRUE,150,9.9363,ALDUQ
4,TRUE,150,9.8471,ALDUQ
4,TRUE,150,10.258,ALDUQ
4,TRUE,150,10.0344,ALDUQ
4,TRUE,150,10.2886,ALDUQ
4,TRUE,150,10.5748,ALDUQ
4,TRUE,150,10.1971,ALDUQ
4,TRUE,150,10.3326,ALDUQ
4,TRUE,150,9.9639,ALDUQ
4,TRUE,150,11.5,ALDUQ
4,TRUE,150,11.4955,ALDUQ
4,TRUE,150,10.3233,ALDUQ
4,TRUE,150,10.2481,ALDUQ
4,TRUE,200,20.1336,ALDUQ
4,TRUE,200,18.7442,ALDUQ
4,TRUE,200,18.6285,ALDUQ
4,TRUE,200,18.9302,ALDUQ
4,TRUE,200,18.4611,ALDUQ
4,TRUE,200,18.6033,ALDUQ
4,TRUE,200,18.6392,ALDUQ
4,TRUE,200,18.2684,ALDUQ
4,TRUE,200,18.3051,ALDUQ
4,TRUE,200,17.9412,ALDUQ
4,TRUE,200,18.398,ALDUQ
4,TRUE,200,18.8242,ALDUQ
4,TRUE,200,18.901,ALDUQ
4,TRUE,200,19.6362,ALDUQ
4,TRUE,200,19.3954,ALDUQ
4,TRUE,200,18.948,ALDUQ
4,TRUE,200,18.8368,ALDUQ
4,TRUE,200,19.321,ALDUQ
4,TRUE,200,19.2166,ALDUQ
4,TRUE,200,18.4328,ALDUQ
4,TRUE,200,19.4727,ALDUQ
4,TRUE,200,20.141,ALDUQ
4,TRUE,200,18.6295,ALDUQ
4,TRUE,200,19.4152,ALDUQ
4,TRUE,200,18.0129,ALDUQ
4,TRUE,200,19.0609,ALDUQ
4,TRUE,200,19.3703,ALDUQ
4,TRUE,200,18.2578,ALDUQ
4,TRUE,200,18.7491,ALDUQ
4,TRUE,200,19.2422,ALDUQ
4,TRUE,200,19.397,ALDUQ
4,TRUE,200,18.701,ALDUQ
4,TRUE,200,18.9977,ALDUQ
4,TRUE,200,19.8827,ALDUQ
4,TRUE,200,17.6754,ALDUQ
4,TRUE,200,19.9419,ALDUQ
4,TRUE,200,19.2342,ALDUQ
4,TRUE,200,19.4402,ALDUQ
4,TRUE,200,18.4525,ALDUQ
4,TRUE,200,18.6593,ALDUQ
4,TRUE,200,18.8096,ALDUQ
4,TRUE,200,18.9056,ALDUQ
4,TRUE,200,18.6025,ALDUQ
4,TRUE,200,18.0792,ALDUQ
4,TRUE,200,18.224,ALDUQ
4,TRUE,200,18.1666,ALDUQ
4,TRUE,200,18.8797,ALDUQ
4,TRUE,200,18.8976,ALDUQ
4,TRUE,200,18.9885,ALDUQ
4,TRUE,200,18.1601,ALDUQ
4,TRUE,300,32.3298,ALDUQ
4,TRUE,300,33.3334,ALDUQ
4,TRUE,300,32.3355,ALDUQ
4,TRUE,300,32.8251,ALDUQ
4,TRUE,300,33.6434,ALDUQ
4,TRUE,300,33.9897,ALDUQ
4,TRUE,300,35.7092,ALDUQ
4,TRUE,300,33.225,ALDUQ
4,TRUE,300,34.042,ALDUQ
4,TRUE,300,33.7413,ALDUQ
4,TRUE,300,35.8644,ALDUQ
4,TRUE,300,33.514,ALDUQ
4,TRUE,300,34.6083,ALDUQ
4,TRUE,300,33.9492,ALDUQ
4,TRUE,300,33.5502,ALDUQ
4,TRUE,300,35.004,ALDUQ
4,TRUE,300,32.3424,ALDUQ
4,TRUE,300,34.9429,ALDUQ
4,TRUE,300,33.3962,ALDUQ
4,TRUE,300,33.0664,ALDUQ
4,TRUE,300,33.1232,ALDUQ
4,TRUE,300,31.7652,ALDUQ
4,TRUE,300,32.6726,ALDUQ
4,TRUE,300,33.5305,ALDUQ
4,TRUE,300,34.6381,ALDUQ
4,TRUE,300,33.7949,ALDUQ
4,TRUE,300,36.2469,ALDUQ
4,TRUE,300,33.3775,ALDUQ
4,TRUE,300,36.606,ALDUQ
4,TRUE,300,34.556,ALDUQ
4,TRUE,300,33.0409,ALDUQ
4,TRUE,300,34.2942,ALDUQ
4,TRUE,300,34.6291,ALDUQ
4,TRUE,300,34.9289,ALDUQ
4,TRUE,300,33.9652,ALDUQ
4,TRUE,300,35.1225,ALDUQ
4,TRUE,300,33.8543,ALDUQ
4,TRUE,300,33.2343,ALDUQ
4,TRUE,300,34.0744,ALDUQ
4,TRUE,300,35.7673,ALDUQ
4,TRUE,300,34.8325,ALDUQ
4,TRUE,300,32.7741,ALDUQ
4,TRUE,300,32.4506,ALDUQ
4,TRUE,300,34.5939,ALDUQ
4,TRUE,300,34.9615,ALDUQ
4,TRUE,300,35.5226,ALDUQ
4,TRUE,300,34.0422,ALDUQ
4,TRUE,300,33.0126,ALDUQ
4,TRUE,300,37.4508,ALDUQ
4,TRUE,300,34.4897,ALDUQ
4,TRUE,500,69.9009,ALDUQ
4,TRUE,500,67.0787,ALDUQ
4,TRUE,500,71.1792,ALDUQ
4,TRUE,500,66.6548,ALDUQ
4,TRUE,500,68.9306,ALDUQ
4,TRUE,500,66.7903,ALDUQ
4,TRUE,500,66.7009,ALDUQ
4,TRUE,500,72.0073,ALDUQ
4,TRUE,500,70.7767,ALDUQ
4,TRUE,500,69.2829,ALDUQ
4,TRUE,500,72.009,ALDUQ
4,TRUE,500,73.0952,ALDUQ
4,TRUE,500,68.1926,ALDUQ
4,TRUE,500,65.3958,ALDUQ
4,TRUE,500,70.2966,ALDUQ
4,TRUE,500,66.9951,ALDUQ
4,TRUE,500,67.4863,ALDUQ
4,TRUE,500,71.6933,ALDUQ
4,TRUE,500,65.3514,ALDUQ
4,TRUE,500,72.8071,ALDUQ
4,TRUE,500,85.6871,ALDUQ
4,TRUE,500,71.1546,ALDUQ
4,TRUE,500,74.7659,ALDUQ
4,TRUE,500,72.072,ALDUQ
4,TRUE,500,71.0943,ALDUQ
4,TRUE,500,65.8887,ALDUQ
4,TRUE,500,70.2924,ALDUQ
4,TRUE,500,74.8506,ALDUQ
4,TRUE,500,69.8235,ALDUQ
4,TRUE,500,74.6033,ALDUQ
4,TRUE,500,69.8835,ALDUQ
4,TRUE,500,68.0015,ALDUQ
4,TRUE,500,72.3691,ALDUQ
4,TRUE,500,70.4352,ALDUQ
4,TRUE,500,69.4074,ALDUQ
4,TRUE,500,69.0128,ALDUQ
4,TRUE,500,67.3471,ALDUQ
4,TRUE,500,70.7553,ALDUQ
4,TRUE,500,67.8656,ALDUQ
4,TRUE,500,74.6167,ALDUQ
4,TRUE,500,66.2253,ALDUQ
4,TRUE,500,69.8958,ALDUQ
4,TRUE,500,72.5112,ALDUQ
4,TRUE,500,72.5239,ALDUQ
4,TRUE,500,68.7986,ALDUQ
4,TRUE,500,68.0967,ALDUQ
4,TRUE,500,68.7036,ALDUQ
4,TRUE,500,67.7569,ALDUQ
4,TRUE,500,68.9041,ALDUQ
4,TRUE,500,70.7689,ALDUQ
5,FALSE,100,5.794,ALDUQ
5,FALSE,100,5.7246,ALDUQ
5,FALSE,100,6.1004,ALDUQ
5,FALSE,100,6.2192,ALDUQ
5,FALSE,100,5.9862,ALDUQ
5,FALSE,100,6.3849,ALDUQ
5,FALSE,100,5.7738,ALDUQ
5,FALSE,100,6.0328,ALDUQ
5,FALSE,100,5.9806,ALDUQ
5,FALSE,100,6.2092,ALDUQ
5,FALSE,100,6.9015,ALDUQ
5,FALSE,100,6.0602,ALDUQ
5,FALSE,100,6.5951,ALDUQ
5,FALSE,100,5.8558,ALDUQ
5,FALSE,100,6.2275,ALDUQ
5,FALSE,100,5.6835,ALDUQ
5,FALSE,100,6.0399,ALDUQ
5,FALSE,100,6.1633,ALDUQ
5,FALSE,100,6.2046,ALDUQ
5,FALSE,100,6.1751,ALDUQ
5,FALSE,100,5.7954,ALDUQ
5,FALSE,100,6.2429,ALDUQ
5,FALSE,100,5.3792,ALDUQ
5,FALSE,100,6.1988,ALDUQ
5,FALSE,100,6.2466,ALDUQ
5,FALSE,100,6.5263,ALDUQ
5,FALSE,100,6.096,ALDUQ
5,FALSE,100,6.3456,ALDUQ
5,FALSE,100,6.3988,ALDUQ
5,FALSE,100,6.0489,ALDUQ
5,FALSE,100,6.1104,ALDUQ
5,FALSE,100,5.9971,ALDUQ
5,FALSE,100,6.3029,ALDUQ
5,FALSE,100,6.1349,ALDUQ
5,FALSE,100,6.4338,ALDUQ
5,FALSE,100,6.0398,ALDUQ
5,FALSE,100,5.5982,ALDUQ
5,FALSE,100,6.0637,ALDUQ
5,FALSE,100,6.178,ALDUQ
5,FALSE,100,5.8525,ALDUQ
5,FALSE,100,6.2769,ALDUQ
5,FALSE,100,5.9706,ALDUQ
5,FALSE,100,6.167,ALDUQ
5,FALSE,100,5.9982,ALDUQ
5,FALSE,100,5.9088,ALDUQ
5,FALSE,100,5.9512,ALDUQ
5,FALSE,100,6.3695,ALDUQ
5,FALSE,100,6.7936,ALDUQ
5,FALSE,100,6.4808,ALDUQ
5,FALSE,100,6.6067,ALDUQ
5,FALSE,150,10.8168,ALDUQ
5,FALSE,150,10.3986,ALDUQ
5,FALSE,150,11.331,ALDUQ
5,FALSE,150,10.6584,ALDUQ
5,FALSE,150,10.3604,ALDUQ
5,FALSE,150,10.7995,ALDUQ
5,FALSE,150,9.9277,ALDUQ
5,FALSE,150,12.7395,ALDUQ
5,FALSE,150,10.3334,ALDUQ
5,FALSE,150,10.435,ALDUQ
5,FALSE,150,10.8897,ALDUQ
5,FALSE,150,11.0861,ALDUQ
5,FALSE,150,11.0777,ALDUQ
5,FALSE,150,10.5803,ALDUQ
5,FALSE,150,11.3377,ALDUQ
5,FALSE,150,10.4745,ALDUQ
5,FALSE,150,10.6976,ALDUQ
5,FALSE,150,11.1876,ALDUQ
5,FALSE,150,11.7359,ALDUQ
5,FALSE,150,10.5362,ALDUQ
5,FALSE,150,10.1447,ALDUQ
5,FALSE,150,10.876,ALDUQ
5,FALSE,150,11.0206,ALDUQ
5,FALSE,150,10.8628,ALDUQ
5,FALSE,150,10.3474,ALDUQ
5,FALSE,150,10.5721,ALDUQ
5,FALSE,150,11.9226,ALDUQ
5,FALSE,150,10.8371,ALDUQ
5,FALSE,150,10.9423,ALDUQ
5,FALSE,150,10.5232,ALDUQ
5,FALSE,150,10.9323,ALDUQ
5,FALSE,150,10.4261,ALDUQ
5,FALSE,150,10.6466,ALDUQ
5,FALSE,150,10.5018,ALDUQ
5,FALSE,150,10.7508,ALDUQ
5,FALSE,150,10.5766,ALDUQ
5,FALSE,150,10.2851,ALDUQ
5,FALSE,150,10.2676,ALDUQ
5,FALSE,150,10.9047,ALDUQ
5,FALSE,150,10.7629,ALDUQ
5,FALSE,150,9.9764,ALDUQ
5,FALSE,150,10.8521,ALDUQ
5,FALSE,150,11.2805,ALDUQ
5,FALSE,150,10.0737,ALDUQ
5,FALSE,150,10.8937,ALDUQ
5,FALSE,150,10.2238,ALDUQ
5,FALSE,150,11.5404,ALDUQ
5,FALSE,150,10.8964,ALDUQ
5,FALSE,150,10.9665,ALDUQ
5,FALSE,150,11.9934,ALDUQ
5,FALSE,200,19.0757,ALDUQ
5,FALSE,200,18.3492,ALDUQ
5,FALSE,200,19.115,ALDUQ
5,FALSE,200,19.0273,ALDUQ
5,FALSE,200,18.33,ALDUQ
5,FALSE,200,19.4066,ALDUQ
5,FALSE,200,20.9813,ALDUQ
5,FALSE,200,17.7985,ALDUQ
5,FALSE,200,18.8684,ALDUQ
5,FALSE,200,18.2639,ALDUQ
5,FALSE,200,19.8035,ALDUQ
5,FALSE,200,19.8769,ALDUQ
5,FALSE,200,20.6348,ALDUQ
5,FALSE,200,20.0836,ALDUQ
5,FALSE,200,18.7608,ALDUQ
5,FALSE,200,19.4867,ALDUQ
5,FALSE,200,19.283,ALDUQ
5,FALSE,200,17.9869,ALDUQ
5,FALSE,200,20.8575,ALDUQ
5,FALSE,200,19.3972,ALDUQ
5,FALSE,200,19.1235,ALDUQ
5,FALSE,200,19.0677,ALDUQ
5,FALSE,200,18.795,ALDUQ
5,FALSE,200,18.6676,ALDUQ
5,FALSE,200,20.1285,ALDUQ
5,FALSE,200,19.8064,ALDUQ
5,FALSE,200,18.9215,ALDUQ
5,FALSE,200,22.2782,ALDUQ
5,FALSE,200,21.1272,ALDUQ
5,FALSE,200,19.527,ALDUQ
5,FALSE,200,18.2168,ALDUQ
5,FALSE,200,20.8703,ALDUQ
5,FALSE,200,19.5821,ALDUQ
5,FALSE,200,19.0632,ALDUQ
5,FALSE,200,19.4983,ALDUQ
5,FALSE,200,19.9592,ALDUQ
5,FALSE,200,19.3294,ALDUQ
5,FALSE,200,19.043,ALDUQ
5,FALSE,200,20.3239,ALDUQ
5,FALSE,200,19.3154,ALDUQ
5,FALSE,200,19.3719,ALDUQ
5,FALSE,200,18.8934,ALDUQ
5,FALSE,200,19.5587,ALDUQ
5,FALSE,200,18.228,ALDUQ
5,FALSE,200,19.4474,ALDUQ
5,FALSE,200,18.8089,ALDUQ
5,FALSE,200,20.1894,ALDUQ
5,FALSE,200,19.089,ALDUQ
5,FALSE,200,20.5446,ALDUQ
5,FALSE,200,18.5398,ALDUQ
5,FALSE,300,32.9985,ALDUQ
5,FALSE,300,33.9614,ALDUQ
5,FALSE,300,34.781,ALDUQ
5,FALSE,300,35.2839,ALDUQ
5,FALSE,300,34.4051,ALDUQ
5,FALSE,300,35.2614,ALDUQ
5,FALSE,300,33.7362,ALDUQ
5,FALSE,300,34.758,ALDUQ
5,FALSE,300,33.7038,ALDUQ
5,FALSE,300,33.9389,ALDUQ
5,FALSE,300,31.7843,ALDUQ
5,FALSE,300,34.6077,ALDUQ
5,FALSE,300,35.1219,ALDUQ
5,FALSE,300,35.651,ALDUQ
5,FALSE,300,35.2144,ALDUQ
5,FALSE,300,36.5533,ALDUQ
5,FALSE,300,34.7964,ALDUQ
5,FALSE,300,32.4044,ALDUQ
5,FALSE,300,33.5017,ALDUQ
5,FALSE,300,34.597,ALDUQ
5,FALSE,300,32.5753,ALDUQ
5,FALSE,300,32.9889,ALDUQ
5,FALSE,300,31.5612,ALDUQ
5,FALSE,300,33.7129,ALDUQ
5,FALSE,300,35.1197,ALDUQ
5,FALSE,300,35.8345,ALDUQ
5,FALSE,300,37.4594,ALDUQ
5,FALSE,300,34.3204,ALDUQ
5,FALSE,300,33.9739,ALDUQ
5,FALSE,300,31.8115,ALDUQ
5,FALSE,300,33.4452,ALDUQ
5,FALSE,300,35.9881,ALDUQ
5,FALSE,300,37.4738,ALDUQ
5,FALSE,300,33.6017,ALDUQ
5,FALSE,300,33.919,ALDUQ
5,FALSE,300,34.0442,ALDUQ
5,FALSE,300,33.4679,ALDUQ
5,FALSE,300,33.5118,ALDUQ
5,FALSE,300,34.9615,ALDUQ
5,FALSE,300,34.9843,ALDUQ
5,FALSE,300,34.8301,ALDUQ
5,FALSE,300,34.8176,ALDUQ
5,FALSE,300,35.982,ALDUQ
5,FALSE,300,32.9097,ALDUQ
5,FALSE,300,36.1301,ALDUQ
5,FALSE,300,32.7417,ALDUQ
5,FALSE,300,35.2949,ALDUQ
5,FALSE,300,34.5974,ALDUQ
5,FALSE,300,35.3773,ALDUQ
5,FALSE,300,33.9248,ALDUQ
5,FALSE,500,68.3132,ALDUQ
5,FALSE,500,73.371,ALDUQ
5,FALSE,500,75.3387,ALDUQ
5,FALSE,500,68.3551,ALDUQ
5,FALSE,500,70.9162,ALDUQ
5,FALSE,500,68.0597,ALDUQ
5,FALSE,500,73.0899,ALDUQ
5,FALSE,500,70.3605,ALDUQ
5,FALSE,500,69.9397,ALDUQ
5,FALSE,500,68.7007,ALDUQ
5,FALSE,500,65.238,ALDUQ
5,FALSE,500,68.5558,ALDUQ
5,FALSE,500,66.209,ALDUQ
5,FALSE,500,70.6333,ALDUQ
5,FALSE,500,65.4316,ALDUQ
5,FALSE,500,70.5702,ALDUQ
5,FALSE,500,68.537,ALDUQ
5,FALSE,500,69.2559,ALDUQ
5,FALSE,500,67.4278,ALDUQ
5,FALSE,500,72.11,ALDUQ
5,FALSE,500,66.3615,ALDUQ
5,FALSE,500,67.488,ALDUQ
5,FALSE,500,70.3055,ALDUQ
5,FALSE,500,70.5979,ALDUQ
5,FALSE,500,69.4172,ALDUQ
5,FALSE,500,67.3638,ALDUQ
5,FALSE,500,69.7332,ALDUQ
5,FALSE,500,67.8987,ALDUQ
5,FALSE,500,69.9102,ALDUQ
5,FALSE,500,69.0533,ALDUQ
5,FALSE,500,71.8401,ALDUQ
5,FALSE,500,75.0672,ALDUQ
5,FALSE,500,70.4624,ALDUQ
5,FALSE,500,68.6936,ALDUQ
5,FALSE,500,71.7698,ALDUQ
5,FALSE,500,70.2812,ALDUQ
5,FALSE,500,74.3524,ALDUQ
5,FALSE,500,65.6952,ALDUQ
5,FALSE,500,67.8104,ALDUQ
5,FALSE,500,69.075,ALDUQ
5,FALSE,500,74.553,ALDUQ
5,FALSE,500,66.4982,ALDUQ
5,FALSE,500,76.0345,ALDUQ
5,FALSE,500,70.1781,ALDUQ
5,FALSE,500,73.8966,ALDUQ
5,FALSE,500,68.9567,ALDUQ
5,FALSE,500,68.0732,ALDUQ
5,FALSE,500,67.8346,ALDUQ
5,FALSE,500,72.9475,ALDUQ
5,FALSE,500,86.5562,ALDUQ
5,TRUE,100,6.682,ALDUQ
5,TRUE,100,7.4717,ALDUQ
5,TRUE,100,8.2157,ALDUQ
5,TRUE,100,7.5475,ALDUQ
5,TRUE,100,7.1381,ALDUQ
5,TRUE,100,6.9979,ALDUQ
5,TRUE,100,7.5233,ALDUQ
5,TRUE,100,7.3847,ALDUQ
5,TRUE,100,7.1273,ALDUQ
5,TRUE,100,6.9121,ALDUQ
5,TRUE,100,6.8037,ALDUQ
5,TRUE,100,6.364,ALDUQ
5,TRUE,100,6.6173,ALDUQ
5,TRUE,100,6.2949,ALDUQ
5,TRUE,100,6.0233,ALDUQ
5,TRUE,100,6.0817,ALDUQ
5,TRUE,100,6.8604,ALDUQ
5,TRUE,100,6.3607,ALDUQ
5,TRUE,100,6.6945,ALDUQ
5,TRUE,100,6.4972,ALDUQ
5,TRUE,100,6.5934,ALDUQ
5,TRUE,100,6.153,ALDUQ
5,TRUE,100,6.4772,ALDUQ
5,TRUE,100,7.907,ALDUQ
5,TRUE,100,6.4129,ALDUQ
5,TRUE,100,6.7656,ALDUQ
5,TRUE,100,6.7161,ALDUQ
5,TRUE,100,7.178,ALDUQ
5,TRUE,100,6.2393,ALDUQ
5,TRUE,100,6.6943,ALDUQ
5,TRUE,100,6.5502,ALDUQ
5,TRUE,100,6.2823,ALDUQ
5,TRUE,100,6.1897,ALDUQ
5,TRUE,100,6.9618,ALDUQ
5,TRUE,100,6.4481,ALDUQ
5,TRUE,100,6.6123,ALDUQ
5,TRUE,100,6.5172,ALDUQ
5,TRUE,100,6.8077,ALDUQ
5,TRUE,100,6.314,ALDUQ
5,TRUE,100,6.4609,ALDUQ
5,TRUE,100,6.8435,ALDUQ
5,TRUE,100,6.3248,ALDUQ
5,TRUE,100,6.5698,ALDUQ
5,TRUE,100,6.1003,ALDUQ
5,TRUE,100,6.3297,ALDUQ
5,TRUE,100,7.0168,ALDUQ
5,TRUE,100,6.2735,ALDUQ
5,TRUE,100,6.8156,ALDUQ
5,TRUE,100,6.1836,ALDUQ
5,TRUE,100,6.1232,ALDUQ
5,TRUE,150,11.6891,ALDUQ
5,TRUE,150,11.9651,ALDUQ
5,TRUE,150,11.3827,ALDUQ
5,TRUE,150,11.4209,ALDUQ
5,TRUE,150,10.876,ALDUQ
5,TRUE,150,10.9233,ALDUQ
5,TRUE,150,11.9808,ALDUQ
5,TRUE,150,10.9768,ALDUQ
5,TRUE,150,11.1604,ALDUQ
5,TRUE,150,11.6195,ALDUQ
5,TRUE,150,10.7342,ALDUQ
5,TRUE,150,11.3952,ALDUQ
5,TRUE,150,11.7012,ALDUQ
5,TRUE,150,11.4578,ALDUQ
5,TRUE,150,11.5557,ALDUQ
5,TRUE,150,11.331,ALDUQ
5,TRUE,150,11.4135,ALDUQ
5,TRUE,150,11.3325,ALDUQ
5,TRUE,150,11.1977,ALDUQ
5,TRUE,150,11.0273,ALDUQ
5,TRUE,150,11.3377,ALDUQ
5,TRUE,150,11.3897,ALDUQ
5,TRUE,150,11.6786,ALDUQ
5,TRUE,150,11.1959,ALDUQ
5,TRUE,150,11.8813,ALDUQ
5,TRUE,150,11.7667,ALDUQ
5,TRUE,150,11.6269,ALDUQ
5,TRUE,150,11.9529,ALDUQ
5,TRUE,150,11.847,ALDUQ
5,TRUE,150,11.3607,ALDUQ
5,TRUE,150,11.2564,ALDUQ
5,TRUE,150,10.8384,ALDUQ
5,TRUE,150,11.6119,ALDUQ
5,TRUE,150,10.7504,ALDUQ
5,TRUE,150,10.8292,ALDUQ
5,TRUE,150,11.9676,ALDUQ
5,TRUE,150,11.6537,ALDUQ
5,TRUE,150,11.7802,ALDUQ
5,TRUE,150,11.5194,ALDUQ
5,TRUE,150,11.0441,ALDUQ
5,TRUE,150,11.5071,ALDUQ
5,TRUE,150,11.5537,ALDUQ
5,TRUE,150,11.5042,ALDUQ
5,TRUE,150,11.1838,ALDUQ
5,TRUE,150,11.5241,ALDUQ
5,TRUE,150,11.5835,ALDUQ
5,TRUE,150,11.3512,ALDUQ
5,TRUE,150,10.7382,ALDUQ
5,TRUE,150,10.5282,ALDUQ
5,TRUE,150,11.588,ALDUQ
5,TRUE,200,19.0313,ALDUQ
5,TRUE,200,20.5869,ALDUQ
5,TRUE,200,18.5754,ALDUQ
5,TRUE,200,18.3803,ALDUQ
5,TRUE,200,19.6825,ALDUQ
5,TRUE,200,18.7683,ALDUQ
5,TRUE,200,19.7336,ALDUQ
5,TRUE,200,19.2286,ALDUQ
5,TRUE,200,18.8593,ALDUQ
5,TRUE,200,19.2723,ALDUQ
5,TRUE,200,18.9025,ALDUQ
5,TRUE,200,19.1707,ALDUQ
5,TRUE,200,18.346,ALDUQ
5,TRUE,200,19.5637,ALDUQ
5,TRUE,200,17.9078,ALDUQ
5,TRUE,200,18.4441,ALDUQ
5,TRUE,200,19.487,ALDUQ
5,TRUE,200,18.8447,ALDUQ
5,TRUE,200,18.2265,ALDUQ
5,TRUE,200,21.4736,ALDUQ
5,TRUE,200,18.9987,ALDUQ
5,TRUE,200,19.5241,ALDUQ
5,TRUE,200,18.6762,ALDUQ
5,TRUE,200,19.2455,ALDUQ
5,TRUE,200,18.4619,ALDUQ
5,TRUE,200,19.3193,ALDUQ
5,TRUE,200,18.1479,ALDUQ
5,TRUE,200,18.7792,ALDUQ
5,TRUE,200,19.7969,ALDUQ
5,TRUE,200,17.9483,ALDUQ
5,TRUE,200,19.864,ALDUQ
5,TRUE,200,18.7934,ALDUQ
5,TRUE,200,19.0498,ALDUQ
5,TRUE,200,17.7692,ALDUQ
5,TRUE,200,18.9229,ALDUQ
5,TRUE,200,18.6839,ALDUQ
5,TRUE,200,19.4444,ALDUQ
5,TRUE,200,19.6431,ALDUQ
5,TRUE,200,19.1745,ALDUQ
5,TRUE,200,19.6604,ALDUQ
5,TRUE,200,19.0534,ALDUQ
5,TRUE,200,18.944,ALDUQ
5,TRUE,200,19.5939,ALDUQ
5,TRUE,200,18.4418,ALDUQ
5,TRUE,200,17.8801,ALDUQ
5,TRUE,200,18.4986,ALDUQ
5,TRUE,200,19.0372,ALDUQ
5,TRUE,200,19.1749,ALDUQ
5,TRUE,200,20.5327,ALDUQ
5,TRUE,200,18.971,ALDUQ
5,TRUE,300,34.1339,ALDUQ
5,TRUE,300,32.3362,ALDUQ
5,TRUE,300,34.8727,ALDUQ
5,TRUE,300,33.9402,ALDUQ
5,TRUE,300,32.7506,ALDUQ
5,TRUE,300,34.2055,ALDUQ
5,TRUE,300,33.9167,ALDUQ
5,TRUE,300,35.3439,ALDUQ
5,TRUE,300,36.84,ALDUQ
5,TRUE,300,35.035,ALDUQ
5,TRUE,300,32.744,ALDUQ
5,TRUE,300,34.9928,ALDUQ
5,TRUE,300,33.4637,ALDUQ
5,TRUE,300,31.9246,ALDUQ
5,TRUE,300,33.0259,ALDUQ
5,TRUE,300,35.8982,ALDUQ
5,TRUE,300,34.5817,ALDUQ
5,TRUE,300,36.2404,ALDUQ
5,TRUE,300,35.0088,ALDUQ
5,TRUE,300,34.7513,ALDUQ
5,TRUE,300,38.2578,ALDUQ
5,TRUE,300,38.1042,ALDUQ
5,TRUE,300,35.4585,ALDUQ
5,TRUE,300,34.9614,ALDUQ
5,TRUE,300,38.8553,ALDUQ
5,TRUE,300,34.9012,ALDUQ
5,TRUE,300,34.4325,ALDUQ
5,TRUE,300,34.8834,ALDUQ
5,TRUE,300,38.9395,ALDUQ
5,TRUE,300,41.5163,ALDUQ
5,TRUE,300,40.9852,ALDUQ
5,TRUE,300,41.6073,ALDUQ
5,TRUE,300,36.6313,ALDUQ
5,TRUE,300,35.4754,ALDUQ
5,TRUE,300,38.5297,ALDUQ
5,TRUE,300,34.6837,ALDUQ
5,TRUE,300,32.5699,ALDUQ
5,TRUE,300,34.5329,ALDUQ
5,TRUE,300,43.0393,ALDUQ
5,TRUE,300,39.7049,ALDUQ
5,TRUE,300,38.1956,ALDUQ
5,TRUE,300,37.9174,ALDUQ
5,TRUE,300,34.9505,ALDUQ
5,TRUE,300,42.6871,ALDUQ
5,TRUE,300,41.9715,ALDUQ
5,TRUE,300,43.5483,ALDUQ
5,TRUE,300,47.2165,ALDUQ
5,TRUE,300,38.5236,ALDUQ
5,TRUE,300,39.6193,ALDUQ
5,TRUE,300,36.6976,ALDUQ
5,TRUE,500,86.5568,ALDUQ
5,TRUE,500,78.055,ALDUQ
5,TRUE,500,76.8697,ALDUQ
5,TRUE,500,78.468,ALDUQ
5,TRUE,500,79.4967,ALDUQ
5,TRUE,500,86.8739,ALDUQ
5,TRUE,500,115.797,ALDUQ
5,TRUE,500,92.8305,ALDUQ
5,TRUE,500,89.8069,ALDUQ
5,TRUE,500,88.6401,ALDUQ
5,TRUE,500,83.5019,ALDUQ
5,TRUE,500,69.0372,ALDUQ
5,TRUE,500,83.3412,ALDUQ
5,TRUE,500,81.151,ALDUQ
5,TRUE,500,85.5303,ALDUQ
5,TRUE,500,85.3879,ALDUQ
5,TRUE,500,88.5628,ALDUQ
5,TRUE,500,71.4956,ALDUQ
5,TRUE,500,69.4068,ALDUQ
5,TRUE,500,72.349,ALDUQ
5,TRUE,500,72.5737,ALDUQ
5,TRUE,500,83.9517,ALDUQ
5,TRUE,500,83.3468,ALDUQ
5,TRUE,500,89.3393,ALDUQ
5,TRUE,500,85.2257,ALDUQ
5,TRUE,500,85.3437,ALDUQ
5,TRUE,500,77.1329,ALDUQ
5,TRUE,500,86.6551,ALDUQ
5,TRUE,500,81.0897,ALDUQ
5,TRUE,500,75.3771,ALDUQ
5,TRUE,500,88.145,ALDUQ
5,TRUE,500,87.9569,ALDUQ
5,TRUE,500,86.5529,ALDUQ
5,TRUE,500,82.8707,ALDUQ
5,TRUE,500,81.0342,ALDUQ
5,TRUE,500,79.3054,ALDUQ
5,TRUE,500,83.9126,ALDUQ
5,TRUE,500,83.465,ALDUQ
5,TRUE,500,82.7282,ALDUQ
5,TRUE,500,82.3607,ALDUQ
5,TRUE,500,83.3409,ALDUQ
5,TRUE,500,88.031,ALDUQ
5,TRUE,500,84.736,ALDUQ
5,TRUE,500,96.7796,ALDUQ
5,TRUE,500,82.2037,ALDUQ
5,TRUE,500,89.9104,ALDUQ
5,TRUE,500,86.212,ALDUQ
5,TRUE,500,77.8586,ALDUQ
5,TRUE,500,95.495,ALDUQ
5,TRUE,500,87.4247,ALDUQ
6,FALSE,100,6.6932,ALDUQ
6,FALSE,100,6.8279,ALDUQ
6,FALSE,100,7.7836,ALDUQ
6,FALSE,100,7.1117,ALDUQ
6,FALSE,100,6.6722,ALDUQ
6,FALSE,100,6.4765,ALDUQ
6,FALSE,100,6.428,ALDUQ
6,FALSE,100,6.6939,ALDUQ
6,FALSE,100,6.7522,ALDUQ
6,FALSE,100,6.1349,ALDUQ
6,FALSE,100,6.8251,ALDUQ
6,FALSE,100,6.6915,ALDUQ
6,FALSE,100,6.6795,ALDUQ
6,FALSE,100,6.4683,ALDUQ
6,FALSE,100,6.2881,ALDUQ
6,FALSE,100,6.3332,ALDUQ
6,FALSE,100,6.3136,ALDUQ
6,FALSE,100,6.3575,ALDUQ
6,FALSE,100,6.5055,ALDUQ
6,FALSE,100,6.5572,ALDUQ
6,FALSE,100,6.2265,ALDUQ
6,FALSE,100,6.8707,ALDUQ
6,FALSE,100,6.6815,ALDUQ
6,FALSE,100,6.4756,ALDUQ
6,FALSE,100,6.6107,ALDUQ
6,FALSE,100,6.4194,ALDUQ
6,FALSE,100,6.5822,ALDUQ
6,FALSE,100,6.4156,ALDUQ
6,FALSE,100,6.2616,ALDUQ
6,FALSE,100,6.2432,ALDUQ
6,FALSE,100,6.4367,ALDUQ
6,FALSE,100,6.7585,ALDUQ
6,FALSE,100,6.4229,ALDUQ
6,FALSE,100,6.3123,ALDUQ
6,FALSE,100,6.2977,ALDUQ
6,FALSE,100,6.0783,ALDUQ
6,FALSE,100,6.5279,ALDUQ
6,FALSE,100,6.4572,ALDUQ
6,FALSE,100,6.8072,ALDUQ
6,FALSE,100,6.2983,ALDUQ
6,FALSE,100,6.2146,ALDUQ
6,FALSE,100,6.6381,ALDUQ
6,FALSE,100,6.3918,ALDUQ
6,FALSE,100,6.1856,ALDUQ
6,FALSE,100,6.4374,ALDUQ
6,FALSE,100,6.2374,ALDUQ
6,FALSE,100,6.9719,ALDUQ
6,FALSE,100,6.6225,ALDUQ
6,FALSE,100,6.0157,ALDUQ
6,FALSE,100,6.498,ALDUQ
6,FALSE,150,11.2943,ALDUQ
6,FALSE,150,11.1642,ALDUQ
6,FALSE,150,11.1957,ALDUQ
6,FALSE,150,11.5117,ALDUQ
6,FALSE,150,12.0286,ALDUQ
6,FALSE,150,11.1249,ALDUQ
6,FALSE,150,11.6028,ALDUQ
6,FALSE,150,11.1382,ALDUQ
6,FALSE,150,12.1455,ALDUQ
6,FALSE,150,11.0757,ALDUQ
6,FALSE,150,11.2023,ALDUQ
6,FALSE,150,11.2171,ALDUQ
6,FALSE,150,11.3241,ALDUQ
6,FALSE,150,11.8096,ALDUQ
6,FALSE,150,10.8781,ALDUQ
6,FALSE,150,11.9309,ALDUQ
6,FALSE,150,12.1656,ALDUQ
6,FALSE,150,11.3663,ALDUQ
6,FALSE,150,11.0171,ALDUQ
6,FALSE,150,11.2185,ALDUQ
6,FALSE,150,11.0166,ALDUQ
6,FALSE,150,11.051,ALDUQ
6,FALSE,150,11.9144,ALDUQ
6,FALSE,150,11.2127,ALDUQ
6,FALSE,150,11.4449,ALDUQ
6,FALSE,150,11.3327,ALDUQ
6,FALSE,150,12.0404,ALDUQ
6,FALSE,150,11.1676,ALDUQ
6,FALSE,150,11.0737,ALDUQ
6,FALSE,150,11.933,ALDUQ
6,FALSE,150,11.3673,ALDUQ
6,FALSE,150,11.3403,ALDUQ
6,FALSE,150,11.4161,ALDUQ
6,FALSE,150,12.0837,ALDUQ
6,FALSE,150,11.2568,ALDUQ
6,FALSE,150,10.039,ALDUQ
6,FALSE,150,11.5689,ALDUQ
6,FALSE,150,11.4164,ALDUQ
6,FALSE,150,11.1815,ALDUQ
6,FALSE,150,11.0724,ALDUQ
6,FALSE,150,11.451,ALDUQ
6,FALSE,150,11.4684,ALDUQ
6,FALSE,150,10.9748,ALDUQ
6,FALSE,150,11.4471,ALDUQ
6,FALSE,150,11.5577,ALDUQ
6,FALSE,150,11.2246,ALDUQ
6,FALSE,150,11.8227,ALDUQ
6,FALSE,150,10.9721,ALDUQ
6,FALSE,150,10.7899,ALDUQ
6,FALSE,150,11.1822,ALDUQ
6,FALSE,200,19.3566,ALDUQ
6,FALSE,200,18.8233,ALDUQ
6,FALSE,200,18.7285,ALDUQ
6,FALSE,200,18.2115,ALDUQ
6,FALSE,200,20.0536,ALDUQ
6,FALSE,200,19.3217,ALDUQ
6,FALSE,200,19.3422,ALDUQ
6,FALSE,200,19.2739,ALDUQ
6,FALSE,200,18.4998,ALDUQ
6,FALSE,200,20.2927,ALDUQ
6,FALSE,200,19.0143,ALDUQ
6,FALSE,200,34.305,ALDUQ
6,FALSE,200,22.1471,ALDUQ
6,FALSE,200,33.0388,ALDUQ
6,FALSE,200,19.9218,ALDUQ
6,FALSE,200,23.3606,ALDUQ
6,FALSE,200,87.7537,ALDUQ
6,FALSE,200,27.2809,ALDUQ
6,FALSE,200,106.8706,ALDUQ
6,FALSE,200,108.4472,ALDUQ
6,FALSE,200,84.6742,ALDUQ
6,FALSE,200,22.6033,ALDUQ
6,FALSE,200,25.8358,ALDUQ
6,FALSE,200,25.3467,ALDUQ
6,FALSE,200,18.9955,ALDUQ
6,FALSE,200,18.744,ALDUQ
6,FALSE,200,31.4322,ALDUQ
6,FALSE,200,59.6983,ALDUQ
6,FALSE,200,33.7656,ALDUQ
6,FALSE,200,23.9027,ALDUQ
6,FALSE,200,29.2405,ALDUQ
6,FALSE,200,21.5117,ALDUQ
6,FALSE,200,20.0382,ALDUQ
6,FALSE,200,28.3737,ALDUQ
6,FALSE,200,27.7902,ALDUQ
6,FALSE,200,22.5548,ALDUQ
6,FALSE,200,21.8673,ALDUQ
6,FALSE,200,21.2025,ALDUQ
6,FALSE,200,19.6367,ALDUQ
6,FALSE,200,19.5652,ALDUQ
6,FALSE,200,18.7194,ALDUQ
6,FALSE,200,18.5972,ALDUQ
6,FALSE,200,19.4667,ALDUQ
6,FALSE,200,19.1777,ALDUQ
6,FALSE,200,19.4601,ALDUQ
6,FALSE,200,19.6415,ALDUQ
6,FALSE,200,20.0659,ALDUQ
6,FALSE,200,19.5004,ALDUQ
6,FALSE,200,18.8019,ALDUQ
6,FALSE,200,18.5462,ALDUQ
6,FALSE,300,35.1852,ALDUQ
6,FALSE,300,36.5711,ALDUQ
6,FALSE,300,34.4909,ALDUQ
6,FALSE,300,32.4121,ALDUQ
6,FALSE,300,34.5217,ALDUQ
6,FALSE,300,34.2588,ALDUQ
6,FALSE,300,33.7904,ALDUQ
6,FALSE,300,32.9044,ALDUQ
6,FALSE,300,34.2722,ALDUQ
6,FALSE,300,34.8652,ALDUQ
6,FALSE,300,36.2399,ALDUQ
6,FALSE,300,33.9031,ALDUQ
6,FALSE,300,33.4884,ALDUQ
6,FALSE,300,36.159,ALDUQ
6,FALSE,300,33.4213,ALDUQ
6,FALSE,300,35.4425,ALDUQ
6,FALSE,300,37.2779,ALDUQ
6,FALSE,300,36.8582,ALDUQ
6,FALSE,300,36.0171,ALDUQ
6,FALSE,300,33.2674,ALDUQ
6,FALSE,300,35.579,ALDUQ
6,FALSE,300,33.3684,ALDUQ
6,FALSE,300,34.8034,ALDUQ
6,FALSE,300,33.3173,ALDUQ
6,FALSE,300,32.311,ALDUQ
6,FALSE,300,36.5482,ALDUQ
6,FALSE,300,33.7085,ALDUQ
6,FALSE,300,36.1381,ALDUQ
6,FALSE,300,34.8633,ALDUQ
6,FALSE,300,33.1627,ALDUQ
6,FALSE,300,34.1192,ALDUQ
6,FALSE,300,32.0244,ALDUQ
6,FALSE,300,31.5226,ALDUQ
6,FALSE,300,33.636,ALDUQ
6,FALSE,300,32.3563,ALDUQ
6,FALSE,300,31.7261,ALDUQ
6,FALSE,300,36.2987,ALDUQ
6,FALSE,300,34.8867,ALDUQ
6,FALSE,300,35.1115,ALDUQ
6,FALSE,300,34.02,ALDUQ
6,FALSE,300,31.3496,ALDUQ
6,FALSE,300,35.9512,ALDUQ
6,FALSE,300,33.8521,ALDUQ
6,FALSE,300,35.9041,ALDUQ
6,FALSE,300,34.1438,ALDUQ
6,FALSE,300,34.3561,ALDUQ
6,FALSE,300,32.0444,ALDUQ
6,FALSE,300,34.287,ALDUQ
6,FALSE,300,35.7536,ALDUQ
6,FALSE,300,31.7827,ALDUQ
6,FALSE,500,69.9585,ALDUQ
6,FALSE,500,71.1663,ALDUQ
6,FALSE,500,71.5769,ALDUQ
6,FALSE,500,70.0504,ALDUQ
6,FALSE,500,69.5809,ALDUQ
6,FALSE,500,71.2539,ALDUQ
6,FALSE,500,67.468,ALDUQ
6,FALSE,500,69.8746,ALDUQ
6,FALSE,500,70.5389,ALDUQ
6,FALSE,500,72.2744,ALDUQ
6,FALSE,500,73.9571,ALDUQ
6,FALSE,500,67.9854,ALDUQ
6,FALSE,500,69.1955,ALDUQ
6,FALSE,500,73.0247,ALDUQ
6,FALSE,500,74.1756,ALDUQ
6,FALSE,500,71.4604,ALDUQ
6,FALSE,500,73.3468,ALDUQ
6,FALSE,500,68.3693,ALDUQ
6,FALSE,500,65.3727,ALDUQ
6,FALSE,500,70.5648,ALDUQ
6,FALSE,500,69.0192,ALDUQ
6,FALSE,500,70.0581,ALDUQ
6,FALSE,500,71.9403,ALDUQ
6,FALSE,500,66.479,ALDUQ
6,FALSE,500,71.9629,ALDUQ
6,FALSE,500,74.3354,ALDUQ
6,FALSE,500,72.8718,ALDUQ
6,FALSE,500,72.6146,ALDUQ
6,FALSE,500,71.2697,ALDUQ
6,FALSE,500,73.9378,ALDUQ
6,FALSE,500,76.2513,ALDUQ
6,FALSE,500,71.0173,ALDUQ
6,FALSE,500,73.0815,ALDUQ
6,FALSE,500,65.6901,ALDUQ
6,FALSE,500,72.3484,ALDUQ
6,FALSE,500,69.7443,ALDUQ
6,FALSE,500,74.4431,ALDUQ
6,FALSE,500,71.4376,ALDUQ
6,FALSE,500,72.8115,ALDUQ
6,FALSE,500,68.3964,ALDUQ
6,FALSE,500,65.3761,ALDUQ
6,FALSE,500,68.3167,ALDUQ
6,FALSE,500,65.7999,ALDUQ
6,FALSE,500,69.3202,ALDUQ
6,FALSE,500,72.6499,ALDUQ
6,FALSE,500,72.461,ALDUQ
6,FALSE,500,69.2237,ALDUQ
6,FALSE,500,68.2633,ALDUQ
6,FALSE,500,73.1409,ALDUQ
6,FALSE,500,69.3944,ALDUQ
6,TRUE,100,6.0699,ALDUQ
6,TRUE,100,6.2713,ALDUQ
6,TRUE,100,6.2897,ALDUQ
6,TRUE,100,6.5393,ALDUQ
6,TRUE,100,6.1902,ALDUQ
6,TRUE,100,6.2196,ALDUQ
6,TRUE,100,5.9925,ALDUQ
6,TRUE,100,6.1281,ALDUQ
6,TRUE,100,6.1062,ALDUQ
6,TRUE,100,6.1838,ALDUQ
6,TRUE,100,6.0884,ALDUQ
6,TRUE,100,6.029,ALDUQ
6,TRUE,100,6.2577,ALDUQ
6,TRUE,100,5.9186,ALDUQ
6,TRUE,100,6.156,ALDUQ
6,TRUE,100,6.2047,ALDUQ
6,TRUE,100,6.7003,ALDUQ
6,TRUE,100,6.6808,ALDUQ
6,TRUE,100,6.4661,ALDUQ
6,TRUE,100,6.3632,ALDUQ
6,TRUE,100,5.9088,ALDUQ
6,TRUE,100,6.1073,ALDUQ
6,TRUE,100,6.1085,ALDUQ
6,TRUE,100,6.2024,ALDUQ
6,TRUE,100,6.2267,ALDUQ
6,TRUE,100,6.3077,ALDUQ
6,TRUE,100,6.4755,ALDUQ
6,TRUE,100,6.1026,ALDUQ
6,TRUE,100,5.9919,ALDUQ
6,TRUE,100,6.1448,ALDUQ
6,TRUE,100,6.0129,ALDUQ
6,TRUE,100,6.1541,ALDUQ
6,TRUE,100,6.5108,ALDUQ
6,TRUE,100,6.0071,ALDUQ
6,TRUE,100,6.4601,ALDUQ
6,TRUE,100,5.8631,ALDUQ
6,TRUE,100,6.2286,ALDUQ
6,TRUE,100,6.6836,ALDUQ
6,TRUE,100,6.4298,ALDUQ
6,TRUE,100,6.2453,ALDUQ
6,TRUE,100,6.5599,ALDUQ
6,TRUE,100,6.4946,ALDUQ
6,TRUE,100,6.4264,ALDUQ
6,TRUE,100,6.4119,ALDUQ
6,TRUE,100,6.3385,ALDUQ
6,TRUE,100,6.3634,ALDUQ
6,TRUE,100,6.6715,ALDUQ
6,TRUE,100,6.6584,ALDUQ
6,TRUE,100,6.4841,ALDUQ
6,TRUE,100,6.1131,ALDUQ
6,TRUE,150,11.2088,ALDUQ
6,TRUE,150,12.0044,ALDUQ
6,TRUE,150,10.9253,ALDUQ
6,TRUE,150,11.452,ALDUQ
6,TRUE,150,11.5659,ALDUQ
6,TRUE,150,11.2775,ALDUQ
6,TRUE,150,10.9616,ALDUQ
6,TRUE,150,10.7755,ALDUQ
6,TRUE,150,10.8464,ALDUQ
6,TRUE,150,10.8099,ALDUQ
6,TRUE,150,11.1384,ALDUQ
6,TRUE,150,11.503,ALDUQ
6,TRUE,150,11.6107,ALDUQ
6,TRUE,150,11.6019,ALDUQ
6,TRUE,150,11.7318,ALDUQ
6,TRUE,150,11.1149,ALDUQ
6,TRUE,150,11.0605,ALDUQ
6,TRUE,150,11.1892,ALDUQ
6,TRUE,150,11.4359,ALDUQ
6,TRUE,150,11.3939,ALDUQ
6,TRUE,150,11.0379,ALDUQ
6,TRUE,150,11.0805,ALDUQ
6,TRUE,150,11.3912,ALDUQ
6,TRUE,150,10.5066,ALDUQ
6,TRUE,150,11.1052,ALDUQ
6,TRUE,150,10.8703,ALDUQ
6,TRUE,150,11.1784,ALDUQ
6,TRUE,150,11.0652,ALDUQ
6,TRUE,150,11.8913,ALDUQ
6,TRUE,150,11.2034,ALDUQ
6,TRUE,150,11.0296,ALDUQ
6,TRUE,150,11.2092,ALDUQ
6,TRUE,150,11.2077,ALDUQ
6,TRUE,150,11.0078,ALDUQ
6,TRUE,150,11.2651,ALDUQ
6,TRUE,150,11.1572,ALDUQ
6,TRUE,150,11.1594,ALDUQ
6,TRUE,150,11.3047,ALDUQ
6,TRUE,150,11.7675,ALDUQ
6,TRUE,150,11.5857,ALDUQ
6,TRUE,150,11.3785,ALDUQ
6,TRUE,150,10.7966,ALDUQ
6,TRUE,150,11.335,ALDUQ
6,TRUE,150,11.4231,ALDUQ
6,TRUE,150,11.1924,ALDUQ
6,TRUE,150,11.8246,ALDUQ
6,TRUE,150,11.733,ALDUQ
6,TRUE,150,10.9824,ALDUQ
6,TRUE,150,11.361,ALDUQ
6,TRUE,150,11.709,ALDUQ
6,TRUE,200,18.0387,ALDUQ
6,TRUE,200,17.8697,ALDUQ
6,TRUE,200,19.5013,ALDUQ
6,TRUE,200,19.6481,ALDUQ
6,TRUE,200,18.6855,ALDUQ
6,TRUE,200,19.573,ALDUQ
6,TRUE,200,19.6105,ALDUQ
6,TRUE,200,17.2222,ALDUQ
6,TRUE,200,18.6154,ALDUQ
6,TRUE,200,18.9561,ALDUQ
6,TRUE,200,17.8649,ALDUQ
6,TRUE,200,18.2109,ALDUQ
6,TRUE,200,19.0429,ALDUQ
6,TRUE,200,18.8074,ALDUQ
6,TRUE,200,17.6614,ALDUQ
6,TRUE,200,19.0045,ALDUQ
6,TRUE,200,18.1436,ALDUQ
6,TRUE,200,18.0334,ALDUQ
6,TRUE,200,18.6395,ALDUQ
6,TRUE,200,18.4248,ALDUQ
6,TRUE,200,18.1894,ALDUQ
6,TRUE,200,19.4857,ALDUQ
6,TRUE,200,19.47,ALDUQ
6,TRUE,200,19.3876,ALDUQ
6,TRUE,200,18.6311,ALDUQ
6,TRUE,200,19.5758,ALDUQ
6,TRUE,200,18.4618,ALDUQ
6,TRUE,200,18.2113,ALDUQ
6,TRUE,200,18.2763,ALDUQ
6,TRUE,200,19.2924,ALDUQ
6,TRUE,200,19.6584,ALDUQ
6,TRUE,200,19.1567,ALDUQ
6,TRUE,200,18.7253,ALDUQ
6,TRUE,200,17.8177,ALDUQ
6,TRUE,200,19.7971,ALDUQ
6,TRUE,200,18.0395,ALDUQ
6,TRUE,200,19.29,ALDUQ
6,TRUE,200,19.1788,ALDUQ
6,TRUE,200,18.4101,ALDUQ
6,TRUE,200,18.9504,ALDUQ
6,TRUE,200,18.4774,ALDUQ
6,TRUE,200,20.146,ALDUQ
6,TRUE,200,18.7523,ALDUQ
6,TRUE,200,18.5748,ALDUQ
6,TRUE,200,18.4743,ALDUQ
6,TRUE,200,18.4349,ALDUQ
6,TRUE,200,19.6212,ALDUQ
6,TRUE,200,19.2953,ALDUQ
6,TRUE,200,20.6424,ALDUQ
6,TRUE,200,19.318,ALDUQ
6,TRUE,300,31.9567,ALDUQ
6,TRUE,300,31.4226,ALDUQ
6,TRUE,300,33.3593,ALDUQ
6,TRUE,300,32.217,ALDUQ
6,TRUE,300,34.1002,ALDUQ
6,TRUE,300,35.5741,ALDUQ
6,TRUE,300,34.2273,ALDUQ
6,TRUE,300,32.6025,ALDUQ
6,TRUE,300,34.6752,ALDUQ
6,TRUE,300,31.9666,ALDUQ
6,TRUE,300,35.3138,ALDUQ
6,TRUE,300,33.1637,ALDUQ
6,TRUE,300,32.9722,ALDUQ
6,TRUE,300,36.4172,ALDUQ
6,TRUE,300,33.2371,ALDUQ
6,TRUE,300,36.027,ALDUQ
6,TRUE,300,33.7136,ALDUQ
6,TRUE,300,35.5535,ALDUQ
6,TRUE,300,33.754,ALDUQ
6,TRUE,300,33.2323,ALDUQ
6,TRUE,300,36.7754,ALDUQ
6,TRUE,300,34.1091,ALDUQ
6,TRUE,300,33.3931,ALDUQ
6,TRUE,300,35.6818,ALDUQ
6,TRUE,300,36.5497,ALDUQ
6,TRUE,300,32.767,ALDUQ
6,TRUE,300,35.8657,ALDUQ
6,TRUE,300,33.4029,ALDUQ
6,TRUE,300,34.9787,ALDUQ
6,TRUE,300,33.0043,ALDUQ
6,TRUE,300,33.4196,ALDUQ
6,TRUE,300,31.5861,ALDUQ
6,TRUE,300,32.7447,ALDUQ
6,TRUE,300,33.3199,ALDUQ
6,TRUE,300,35.6928,ALDUQ
6,TRUE,300,37.8074,ALDUQ
6,TRUE,300,33.3415,ALDUQ
6,TRUE,300,35.9307,ALDUQ
6,TRUE,300,31.7899,ALDUQ
6,TRUE,300,34.3051,ALDUQ
6,TRUE,300,33.0271,ALDUQ
6,TRUE,300,34.3877,ALDUQ
6,TRUE,300,33.8112,ALDUQ
6,TRUE,300,35.4624,ALDUQ
6,TRUE,300,33.4657,ALDUQ
6,TRUE,300,39.0085,ALDUQ
6,TRUE,300,34.3897,ALDUQ
6,TRUE,300,35.8733,ALDUQ
6,TRUE,300,33.1315,ALDUQ
6,TRUE,300,33.4611,ALDUQ
6,TRUE,500,70.2939,ALDUQ
6,TRUE,500,73.4931,ALDUQ
6,TRUE,500,69.9926,ALDUQ
6,TRUE,500,74.9276,ALDUQ
6,TRUE,500,73.4591,ALDUQ
6,TRUE,500,76.961,ALDUQ
6,TRUE,500,74.8902,ALDUQ
6,TRUE,500,65.1878,ALDUQ
6,TRUE,500,67.7987,ALDUQ
6,TRUE,500,65.0472,ALDUQ
6,TRUE,500,69.5725,ALDUQ
6,TRUE,500,69.8098,ALDUQ
6,TRUE,500,69.9972,ALDUQ
6,TRUE,500,70.3786,ALDUQ
6,TRUE,500,71.5955,ALDUQ
6,TRUE,500,69.7242,ALDUQ
6,TRUE,500,73.0921,ALDUQ
6,TRUE,500,71.0079,ALDUQ
6,TRUE,500,70.6356,ALDUQ
6,TRUE,500,71.5517,ALDUQ
6,TRUE,500,65.1424,ALDUQ
6,TRUE,500,66.7322,ALDUQ
6,TRUE,500,70.7714,ALDUQ
6,TRUE,500,71.4396,ALDUQ
6,TRUE,500,66.0996,ALDUQ
6,TRUE,500,68.9335,ALDUQ
6,TRUE,500,72.5239,ALDUQ
6,TRUE,500,66.3241,ALDUQ
6,TRUE,500,74.6807,ALDUQ
6,TRUE,500,73.3809,ALDUQ
6,TRUE,500,69.3944,ALDUQ
6,TRUE,500,67.8698,ALDUQ
6,TRUE,500,63.8418,ALDUQ
6,TRUE,500,71.7904,ALDUQ
6,TRUE,500,70.479,ALDUQ
6,TRUE,500,77.6416,ALDUQ
6,TRUE,500,73.3385,ALDUQ
6,TRUE,500,67.748,ALDUQ
6,TRUE,500,65.9844,ALDUQ
6,TRUE,500,69.4576,ALDUQ
6,TRUE,500,70.0336,ALDUQ
6,TRUE,500,69.9,ALDUQ
6,TRUE,500,65.0807,ALDUQ
6,TRUE,500,72.1483,ALDUQ
6,TRUE,500,69.8947,ALDUQ
6,TRUE,500,66.629,ALDUQ
6,TRUE,500,70.633,ALDUQ
6,TRUE,500,68.9397,ALDUQ
6,TRUE,500,67.3382,ALDUQ
6,TRUE,500,74.0581,ALDUQ
4,FALSE,100,5.5793,ALDUQ
4,FALSE,100,5.9198,ALDUQ
4,FALSE,100,5.5176,ALDUQ
4,FALSE,100,5.1984,ALDUQ
4,FALSE,100,5.492,ALDUQ
4,FALSE,100,5.3728,ALDUQ
4,FALSE,100,5.4095,ALDUQ
4,FALSE,100,5.4995,ALDUQ
4,FALSE,100,5.9304,ALDUQ
4,FALSE,100,5.5646,ALDUQ
4,FALSE,100,5.3612,ALDUQ
4,FALSE,100,5.5934,ALDUQ
4,FALSE,100,5.3615,ALDUQ
4,FALSE,100,5.2527,ALDUQ
4,FALSE,100,5.6312,ALDUQ
4,FALSE,100,5.1633,ALDUQ
4,FALSE,100,5.415,ALDUQ
4,FALSE,100,5.3266,ALDUQ
4,FALSE,100,5.6059,ALDUQ
4,FALSE,100,5.257,ALDUQ
4,FALSE,100,5.4682,ALDUQ
4,FALSE,100,5.5235,ALDUQ
4,FALSE,100,5.443,ALDUQ
4,FALSE,100,5.4312,ALDUQ
4,FALSE,100,5.6819,ALDUQ
4,FALSE,100,5.2867,ALDUQ
4,FALSE,100,5.8321,ALDUQ
4,FALSE,100,5.6264,ALDUQ
4,FALSE,100,5.424,ALDUQ
4,FALSE,100,5.6749,ALDUQ
4,FALSE,100,5.6404,ALDUQ
4,FALSE,100,5.4212,ALDUQ
4,FALSE,100,5.4495,ALDUQ
4,FALSE,100,5.4431,ALDUQ
4,FALSE,100,5.5588,ALDUQ
4,FALSE,100,5.3261,ALDUQ
4,FALSE,100,5.4985,ALDUQ
4,FALSE,100,5.6832,ALDUQ
4,FALSE,100,5.6064,ALDUQ
4,FALSE,100,5.5853,ALDUQ
4,FALSE,100,5.439,ALDUQ
4,FALSE,100,5.8931,ALDUQ
4,FALSE,100,5.463,ALDUQ
4,FALSE,100,5.7158,ALDUQ
4,FALSE,100,5.6037,ALDUQ
4,FALSE,100,5.609,ALDUQ
4,FALSE,100,5.4411,ALDUQ
4,FALSE,100,5.4344,ALDUQ
4,FALSE,100,5.8609,ALDUQ
4,FALSE,100,5.7899,ALDUQ
4,FALSE,150,9.522,ALDUQ
4,FALSE,150,9.7376,ALDUQ
4,FALSE,150,9.6161,ALDUQ
4,FALSE,150,9.4817,ALDUQ
4,FALSE,150,9.3928,ALDUQ
4,FALSE,150,9.5624,ALDUQ
4,FALSE,150,9.5582,ALDUQ
4,FALSE,150,9.6034,ALDUQ
4,FALSE,150,9.9671,ALDUQ
4,FALSE,150,9.9568,ALDUQ
4,FALSE,150,9.7132,ALDUQ
4,FALSE,150,9.6549,ALDUQ
4,FALSE,150,10.3486,ALDUQ
4,FALSE,150,9.5436,ALDUQ
4,FALSE,150,10.545,ALDUQ
4,FALSE,150,9.4607,ALDUQ
4,FALSE,150,9.4447,ALDUQ
4,FALSE,150,10.0819,ALDUQ
4,FALSE,150,9.5333,ALDUQ
4,FALSE,150,9.4217,ALDUQ
4,FALSE,150,9.5479,ALDUQ
4,FALSE,150,10.1378,ALDUQ
4,FALSE,150,9.812,ALDUQ
4,FALSE,150,10.1987,ALDUQ
4,FALSE,150,10.2382,ALDUQ
4,FALSE,150,9.8016,ALDUQ
4,FALSE,150,9.9953,ALDUQ
4,FALSE,150,9.6629,ALDUQ
4,FALSE,150,9.6692,ALDUQ
4,FALSE,150,10.0119,ALDUQ
4,FALSE,150,9.5988,ALDUQ
4,FALSE,150,9.5247,ALDUQ
4,FALSE,150,9.6479,ALDUQ
4,FALSE,150,9.5555,ALDUQ
4,FALSE,150,9.3302,ALDUQ
4,FALSE,150,9.8539,ALDUQ
4,FALSE,150,11.6201,ALDUQ
4,FALSE,150,9.9483,ALDUQ
4,FALSE,150,9.7716,ALDUQ
4,FALSE,150,9.8909,ALDUQ
4,FALSE,150,11.1405,ALDUQ
4,FALSE,150,9.4912,ALDUQ
4,FALSE,150,9.5609,ALDUQ
4,FALSE,150,9.9225,ALDUQ
4,FALSE,150,9.974,ALDUQ
4,FALSE,150,9.9794,ALDUQ
4,FALSE,150,10.2845,ALDUQ
4,FALSE,150,9.827,ALDUQ
4,FALSE,150,9.8752,ALDUQ
4,FALSE,150,9.3224,ALDUQ
4,FALSE,200,20.1845,ALDUQ
4,FALSE,200,19.3241,ALDUQ
4,FALSE,200,18.3756,ALDUQ
4,FALSE,200,17.9988,ALDUQ
4,FALSE,200,17.5772,ALDUQ
4,FALSE,200,18.7066,ALDUQ
4,FALSE,200,19.7498,ALDUQ
4,FALSE,200,18.8258,ALDUQ
4,FALSE,200,18.3711,ALDUQ
4,FALSE,200,17.8835,ALDUQ
4,FALSE,200,18.4286,ALDUQ
4,FALSE,200,19.4222,ALDUQ
4,FALSE,200,18.8372,ALDUQ
4,FALSE,200,18.6444,ALDUQ
4,FALSE,200,18.2857,ALDUQ
4,FALSE,200,19.2249,ALDUQ
4,FALSE,200,19.7031,ALDUQ
4,FALSE,200,19.9703,ALDUQ
4,FALSE,200,18.5643,ALDUQ
4,FALSE,200,20.5147,ALDUQ
4,FALSE,200,17.2427,ALDUQ
4,FALSE,200,19.7433,ALDUQ
4,FALSE,200,17.985,ALDUQ
4,FALSE,200,18.2632,ALDUQ
4,FALSE,200,18.3982,ALDUQ
4,FALSE,200,18.0608,ALDUQ
4,FALSE,200,19.8169,ALDUQ
4,FALSE,200,19.9969,ALDUQ
4,FALSE,200,18.5352,ALDUQ
4,FALSE,200,18.6963,ALDUQ
4,FALSE,200,18.4278,ALDUQ
4,FALSE,200,18.4439,ALDUQ
4,FALSE,200,19.4494,ALDUQ
4,FALSE,200,17.8316,ALDUQ
4,FALSE,200,19.5292,ALDUQ
4,FALSE,200,18.7086,ALDUQ
4,FALSE,200,19.2032,ALDUQ
4,FALSE,200,18.9041,ALDUQ
4,FALSE,200,19.9441,ALDUQ
4,FALSE,200,18.9236,ALDUQ
4,FALSE,200,19.3123,ALDUQ
4,FALSE,200,18.8979,ALDUQ
4,FALSE,200,18.9076,ALDUQ
4,FALSE,200,18.9983,ALDUQ
4,FALSE,200,19.084,ALDUQ
4,FALSE,200,18.5761,ALDUQ
4,FALSE,200,19.7155,ALDUQ
4,FALSE,200,17.9229,ALDUQ
4,FALSE,200,19.8041,ALDUQ
4,FALSE,200,18.8184,ALDUQ
4,FALSE,300,33.7316,ALDUQ
4,FALSE,300,32.54,ALDUQ
4,FALSE,300,34.6166,ALDUQ
4,FALSE,300,37.0508,ALDUQ
4,FALSE,300,34.1679,ALDUQ
4,FALSE,300,33.5552,ALDUQ
4,FALSE,300,33.6301,ALDUQ
4,FALSE,300,32.2292,ALDUQ
4,FALSE,300,31.7793,ALDUQ
4,FALSE,300,34.0567,ALDUQ
4,FALSE,300,32.4526,ALDUQ
4,FALSE,300,34.5997,ALDUQ
4,FALSE,300,34.561,ALDUQ
4,FALSE,300,32.6276,ALDUQ
4,FALSE,300,33.0018,ALDUQ
4,FALSE,300,32.0457,ALDUQ
4,FALSE,300,34.6989,ALDUQ
4,FALSE,300,36.1053,ALDUQ
4,FALSE,300,36.0054,ALDUQ
4,FALSE,300,33.0279,ALDUQ
4,FALSE,300,34.1069,ALDUQ
4,FALSE,300,33.4312,ALDUQ
4,FALSE,300,32.3842,ALDUQ
4,FALSE,300,33.8691,ALDUQ
4,FALSE,300,32.0992,ALDUQ
4,FALSE,300,33.0038,ALDUQ
4,FALSE,300,33.978,ALDUQ
4,FALSE,300,34.5263,ALDUQ
4,FALSE,300,35.6736,ALDUQ
4,FALSE,300,31.9997,ALDUQ
4,FALSE,300,34.425,ALDUQ
4,FALSE,300,33.5077,ALDUQ
4,FALSE,300,33.2727,ALDUQ
4,FALSE,300,33.2969,ALDUQ
4,FALSE,300,36.5743,ALDUQ
4,FALSE,300,33.7262,ALDUQ
4,FALSE,300,34.9364,ALDUQ
4,FALSE,300,33.3998,ALDUQ
4,FALSE,300,32.4368,ALDUQ
4,FALSE,300,34.9305,ALDUQ
4,FALSE,300,34.5638,ALDUQ
4,FALSE,300,33.1039,ALDUQ
4,FALSE,300,32.8579,ALDUQ
4,FALSE,300,34.2843,ALDUQ
4,FALSE,300,31.9242,ALDUQ
4,FALSE,300,33.3196,ALDUQ
4,FALSE,300,32.2118,ALDUQ
4,FALSE,300,33.6418,ALDUQ
4,FALSE,300,33.9501,ALDUQ
4,FALSE,300,34.0857,ALDUQ
4,FALSE,500,72.841,ALDUQ
4,FALSE,500,70.7369,ALDUQ
4,FALSE,500,68.977,ALDUQ
4,FALSE,500,70.9264,ALDUQ
4,FALSE,500,76.9931,ALDUQ
4,FALSE,500,68.9747,ALDUQ
4,FALSE,500,68.7214,ALDUQ
4,FALSE,500,66.4075,ALDUQ
4,FALSE,500,71.9426,ALDUQ
4,FALSE,500,67.1062,ALDUQ
4,FALSE,500,68.3972,ALDUQ
4,FALSE,500,69.0534,ALDUQ
4,FALSE,500,73.859,ALDUQ
4,FALSE,500,68.9225,ALDUQ
4,FALSE,500,69.7342,ALDUQ
4,FALSE,500,72.0308,ALDUQ
4,FALSE,500,76.8411,ALDUQ
4,FALSE,500,69.4843,ALDUQ
4,FALSE,500,70.638,ALDUQ
4,FALSE,500,74.4937,ALDUQ
4,FALSE,500,73.1501,ALDUQ
4,FALSE,500,68.3274,ALDUQ
4,FALSE,500,71.3685,ALDUQ
4,FALSE,500,73.697,ALDUQ
4,FALSE,500,76.6954,ALDUQ
4,FALSE,500,68.2991,ALDUQ
4,FALSE,500,67.7488,ALDUQ
4,FALSE,500,73.0096,ALDUQ
4,FALSE,500,69.6119,ALDUQ
4,FALSE,500,66.4162,ALDUQ
4,FALSE,500,70.5689,ALDUQ
4,FALSE,500,69.7088,ALDUQ
4,FALSE,500,68.091,ALDUQ
4,FALSE,500,69.8516,ALDUQ
4,FALSE,500,68.3861,ALDUQ
4,FALSE,500,68.6509,ALDUQ
4,FALSE,500,66.6276,ALDUQ
4,FALSE,500,65.5226,ALDUQ
4,FALSE,500,69.7272,ALDUQ
4,FALSE,500,67.0725,ALDUQ
4,FALSE,500,66.2092,ALDUQ
4,FALSE,500,69.7923,ALDUQ
4,FALSE,500,70.4982,ALDUQ
4,FALSE,500,67.1804,ALDUQ
4,FALSE,500,76.2324,ALDUQ
4,FALSE,500,70.4717,ALDUQ
4,FALSE,500,67.7399,ALDUQ
4,FALSE,500,67.3389,ALDUQ
4,FALSE,500,68.9131,ALDUQ
4,FALSE,500,69.7964,ALDUQ
4,TRUE,100,6.0071,ALDUQ
4,TRUE,100,5.8291,ALDUQ
4,TRUE,100,5.6288,ALDUQ
4,TRUE,100,5.981,ALDUQ
4,TRUE,100,6.8014,ALDUQ
4,TRUE,100,5.5672,ALDUQ
4,TRUE,100,5.8156,ALDUQ
4,TRUE,100,5.61,ALDUQ
4,TRUE,100,5.5565,ALDUQ
4,TRUE,100,5.9163,ALDUQ
4,TRUE,100,5.9226,ALDUQ
4,TRUE,100,5.9417,ALDUQ
4,TRUE,100,5.7617,ALDUQ
4,TRUE,100,5.8434,ALDUQ
4,TRUE,100,5.9441,ALDUQ
4,TRUE,100,5.554,ALDUQ
4,TRUE,100,5.604,ALDUQ
4,TRUE,100,5.6876,ALDUQ
4,TRUE,100,5.8727,ALDUQ
4,TRUE,100,6.3254,ALDUQ
4,TRUE,100,5.5895,ALDUQ
4,TRUE,100,5.7526,ALDUQ
4,TRUE,100,5.7859,ALDUQ
4,TRUE,100,5.7573,ALDUQ
4,TRUE,100,5.8842,ALDUQ
4,TRUE,100,5.9641,ALDUQ
4,TRUE,100,5.8644,ALDUQ
4,TRUE,100,5.7081,ALDUQ
4,TRUE,100,5.9875,ALDUQ
4,TRUE,100,5.5793,ALDUQ
4,TRUE,100,5.9262,ALDUQ
4,TRUE,100,5.6218,ALDUQ
4,TRUE,100,5.6274,ALDUQ
4,TRUE,100,5.6409,ALDUQ
4,TRUE,100,5.5573,ALDUQ
4,TRUE,100,5.6226,ALDUQ
4,TRUE,100,5.6858,ALDUQ
4,TRUE,100,6.4141,ALDUQ
4,TRUE,100,5.7609,ALDUQ
4,TRUE,100,5.8743,ALDUQ
4,TRUE,100,5.9512,ALDUQ
4,TRUE,100,5.6417,ALDUQ
4,TRUE,100,5.9859,ALDUQ
4,TRUE,100,5.7386,ALDUQ
4,TRUE,100,5.4608,ALDUQ
4,TRUE,100,5.661,ALDUQ
4,TRUE,100,5.5103,ALDUQ
4,TRUE,100,5.8426,ALDUQ
4,TRUE,100,6.234,ALDUQ
4,TRUE,100,5.7726,ALDUQ
4,TRUE,150,10.5253,ALDUQ
4,TRUE,150,10.2102,ALDUQ
4,TRUE,150,11.6591,ALDUQ
4,TRUE,150,10.1174,ALDUQ
4,TRUE,150,11.6275,ALDUQ
4,TRUE,150,9.8632,ALDUQ
4,TRUE,150,9.956,ALDUQ
4,TRUE,150,10.5082,ALDUQ
4,TRUE,150,10.1654,ALDUQ
4,TRUE,150,10.7154,ALDUQ
4,TRUE,150,10.211,ALDUQ
4,TRUE,150,10.6414,ALDUQ
4,TRUE,150,9.888,ALDUQ
4,TRUE,150,10.2459,ALDUQ
4,TRUE,150,10.551,ALDUQ
4,TRUE,150,10.207,ALDUQ
4,TRUE,150,10.6782,ALDUQ
4,TRUE,150,9.895,ALDUQ
4,TRUE,150,11.2007,ALDUQ
4,TRUE,150,10.4449,ALDUQ
4,TRUE,150,10.0742,ALDUQ
4,TRUE,150,9.8638,ALDUQ
4,TRUE,150,10.2297,ALDUQ
4,TRUE,150,9.5046,ALDUQ
4,TRUE,150,10.4006,ALDUQ
4,TRUE,150,10.5216,ALDUQ
4,TRUE,150,10.1861,ALDUQ
4,TRUE,150,10.0942,ALDUQ
4,TRUE,150,10.5274,ALDUQ
4,TRUE,150,9.695,ALDUQ
4,TRUE,150,9.8911,ALDUQ
4,TRUE,150,10.2973,ALDUQ
4,TRUE,150,10.2422,ALDUQ
4,TRUE,150,10.3637,ALDUQ
4,TRUE,150,10.0764,ALDUQ
4,TRUE,150,9.6253,ALDUQ
4,TRUE,150,10.2329,ALDUQ
4,TRUE,150,9.9363,ALDUQ
4,TRUE,150,9.8471,ALDUQ
4,TRUE,150,10.258,ALDUQ
4,TRUE,150,10.0344,ALDUQ
4,TRUE,150,10.2886,ALDUQ
4,TRUE,150,10.5748,ALDUQ
4,TRUE,150,10.1971,ALDUQ
4,TRUE,150,10.3326,ALDUQ
4,TRUE,150,9.9639,ALDUQ
4,TRUE,150,11.5,ALDUQ
4,TRUE,150,11.4955,ALDUQ
4,TRUE,150,10.3233,ALDUQ
4,TRUE,150,10.2481,ALDUQ
4,TRUE,200,20.1336,ALDUQ
4,TRUE,200,18.7442,ALDUQ
4,TRUE,200,18.6285,ALDUQ
4,TRUE,200,18.9302,ALDUQ
4,TRUE,200,18.4611,ALDUQ
4,TRUE,200,18.6033,ALDUQ
4,TRUE,200,18.6392,ALDUQ
4,TRUE,200,18.2684,ALDUQ
4,TRUE,200,18.3051,ALDUQ
4,TRUE,200,17.9412,ALDUQ
4,TRUE,200,18.398,ALDUQ
4,TRUE,200,18.8242,ALDUQ
4,TRUE,200,18.901,ALDUQ
4,TRUE,200,19.6362,ALDUQ
4,TRUE,200,19.3954,ALDUQ
4,TRUE,200,18.948,ALDUQ
4,TRUE,200,18.8368,ALDUQ
4,TRUE,200,19.321,ALDUQ
4,TRUE,200,19.2166,ALDUQ
4,TRUE,200,18.4328,ALDUQ
4,TRUE,200,19.4727,ALDUQ
4,TRUE,200,20.141,ALDUQ
4,TRUE,200,18.6295,ALDUQ
4,TRUE,200,19.4152,ALDUQ
4,TRUE,200,18.0129,ALDUQ
4,TRUE,200,19.0609,ALDUQ
4,TRUE,200,19.3703,ALDUQ
4,TRUE,200,18.2578,ALDUQ
4,TRUE,200,18.7491,ALDUQ
4,TRUE,200,19.2422,ALDUQ
4,TRUE,200,19.397,ALDUQ
4,TRUE,200,18.701,ALDUQ
4,TRUE,200,18.9977,ALDUQ
4,TRUE,200,19.8827,ALDUQ
4,TRUE,200,17.6754,ALDUQ
4,TRUE,200,19.9419,ALDUQ
4,TRUE,200,19.2342,ALDUQ
4,TRUE,200,19.4402,ALDUQ
4,TRUE,200,18.4525,ALDUQ
4,TRUE,200,18.6593,ALDUQ
4,TRUE,200,18.8096,ALDUQ
4,TRUE,200,18.9056,ALDUQ
4,TRUE,200,18.6025,ALDUQ
4,TRUE,200,18.0792,ALDUQ
4,TRUE,200,18.224,ALDUQ
4,TRUE,200,18.1666,ALDUQ
4,TRUE,200,18.8797,ALDUQ
4,TRUE,200,18.8976,ALDUQ
4,TRUE,200,18.9885,ALDUQ
4,TRUE,200,18.1601,ALDUQ
4,TRUE,300,32.3298,ALDUQ
4,TRUE,300,33.3334,ALDUQ
4,TRUE,300,32.3355,ALDUQ
4,TRUE,300,32.8251,ALDUQ
4,TRUE,300,33.6434,ALDUQ
4,TRUE,300,33.9897,ALDUQ
4,TRUE,300,35.7092,ALDUQ
4,TRUE,300,33.225,ALDUQ
4,TRUE,300,34.042,ALDUQ
4,TRUE,300,33.7413,ALDUQ
4,TRUE,300,35.8644,ALDUQ
4,TRUE,300,33.514,ALDUQ
4,TRUE,300,34.6083,ALDUQ
4,TRUE,300,33.9492,ALDUQ
4,TRUE,300,33.5502,ALDUQ
4,TRUE,300,35.004,ALDUQ
4,TRUE,300,32.3424,ALDUQ
4,TRUE,300,34.9429,ALDUQ
4,TRUE,300,33.3962,ALDUQ
4,TRUE,300,33.0664,ALDUQ
4,TRUE,300,33.1232,ALDUQ
4,TRUE,300,31.7652,ALDUQ
4,TRUE,300,32.6726,ALDUQ
4,TRUE,300,33.5305,ALDUQ
4,TRUE,300,34.6381,ALDUQ
4,TRUE,300,33.7949,ALDUQ
4,TRUE,300,36.2469,ALDUQ
4,TRUE,300,33.3775,ALDUQ
4,TRUE,300,36.606,ALDUQ
4,TRUE,300,34.556,ALDUQ
4,TRUE,300,33.0409,ALDUQ
4,TRUE,300,34.2942,ALDUQ
4,TRUE,300,34.6291,ALDUQ
4,TRUE,300,34.9289,ALDUQ
4,TRUE,300,33.9652,ALDUQ
4,TRUE,300,35.1225,ALDUQ
4,TRUE,300,33.8543,ALDUQ
4,TRUE,300,33.2343,ALDUQ
4,TRUE,300,34.0744,ALDUQ
4,TRUE,300,35.7673,ALDUQ
4,TRUE,300,34.8325,ALDUQ
4,TRUE,300,32.7741,ALDUQ
4,TRUE,300,32.4506,ALDUQ
4,TRUE,300,34.5939,ALDUQ
4,TRUE,300,34.9615,ALDUQ
4,TRUE,300,35.5226,ALDUQ
4,TRUE,300,34.0422,ALDUQ
4,TRUE,300,33.0126,ALDUQ
4,TRUE,300,37.4508,ALDUQ
4,TRUE,300,34.4897,ALDUQ
4,TRUE,500,69.9009,ALDUQ
4,TRUE,500,67.0787,ALDUQ
4,TRUE,500,71.1792,ALDUQ
4,TRUE,500,66.6548,ALDUQ
4,TRUE,500,68.9306,ALDUQ
4,TRUE,500,66.7903,ALDUQ
4,TRUE,500,66.7009,ALDUQ
4,TRUE,500,72.0073,ALDUQ
4,TRUE,500,70.7767,ALDUQ
4,TRUE,500,69.2829,ALDUQ
4,TRUE,500,72.009,ALDUQ
4,TRUE,500,73.0952,ALDUQ
4,TRUE,500,68.1926,ALDUQ
4,TRUE,500,65.3958,ALDUQ
4,TRUE,500,70.2966,ALDUQ
4,TRUE,500,66.9951,ALDUQ
4,TRUE,500,67.4863,ALDUQ
4,TRUE,500,71.6933,ALDUQ
4,TRUE,500,65.3514,ALDUQ
4,TRUE,500,72.8071,ALDUQ
4,TRUE,500,85.6871,ALDUQ
4,TRUE,500,71.1546,ALDUQ
4,TRUE,500,74.7659,ALDUQ
4,TRUE,500,72.072,ALDUQ
4,TRUE,500,71.0943,ALDUQ
4,TRUE,500,65.8887,ALDUQ
4,TRUE,500,70.2924,ALDUQ
4,TRUE,500,74.8506,ALDUQ
4,TRUE,500,69.8235,ALDUQ
4,TRUE,500,74.6033,ALDUQ
4,TRUE,500,69.8835,ALDUQ
4,TRUE,500,68.0015,ALDUQ
4,TRUE,500,72.3691,ALDUQ
4,TRUE,500,70.4352,ALDUQ
4,TRUE,500,69.4074,ALDUQ
4,TRUE,500,69.0128,ALDUQ
4,TRUE,500,67.3471,ALDUQ
4,TRUE,500,70.7553,ALDUQ
4,TRUE,500,67.8656,ALDUQ
4,TRUE,500,74.6167,ALDUQ
4,TRUE,500,66.2253,ALDUQ
4,TRUE,500,69.8958,ALDUQ
4,TRUE,500,72.5112,ALDUQ
4,TRUE,500,72.5239,ALDUQ
4,TRUE,500,68.7986,ALDUQ
4,TRUE,500,68.0967,ALDUQ
4,TRUE,500,68.7036,ALDUQ
4,TRUE,500,67.7569,ALDUQ
4,TRUE,500,68.9041,ALDUQ
4,TRUE,500,70.7689,ALDUQ
5,FALSE,100,5.794,ALDUQ
5,FALSE,100,5.7246,ALDUQ
5,FALSE,100,6.1004,ALDUQ
5,FALSE,100,6.2192,ALDUQ
5,FALSE,100,5.9862,ALDUQ
5,FALSE,100,6.3849,ALDUQ
5,FALSE,100,5.7738,ALDUQ
5,FALSE,100,6.0328,ALDUQ
5,FALSE,100,5.9806,ALDUQ
5,FALSE,100,6.2092,ALDUQ
5,FALSE,100,6.9015,ALDUQ
5,FALSE,100,6.0602,ALDUQ
5,FALSE,100,6.5951,ALDUQ
5,FALSE,100,5.8558,ALDUQ
5,FALSE,100,6.2275,ALDUQ
5,FALSE,100,5.6835,ALDUQ
5,FALSE,100,6.0399,ALDUQ
5,FALSE,100,6.1633,ALDUQ
5,FALSE,100,6.2046,ALDUQ
5,FALSE,100,6.1751,ALDUQ
5,FALSE,100,5.7954,ALDUQ
5,FALSE,100,6.2429,ALDUQ
5,FALSE,100,5.3792,ALDUQ
5,FALSE,100,6.1988,ALDUQ
5,FALSE,100,6.2466,ALDUQ
5,FALSE,100,6.5263,ALDUQ
5,FALSE,100,6.096,ALDUQ
5,FALSE,100,6.3456,ALDUQ
5,FALSE,100,6.3988,ALDUQ
5,FALSE,100,6.0489,ALDUQ
5,FALSE,100,6.1104,ALDUQ
5,FALSE,100,5.9971,ALDUQ
5,FALSE,100,6.3029,ALDUQ
5,FALSE,100,6.1349,ALDUQ
5,FALSE,100,6.4338,ALDUQ
5,FALSE,100,6.0398,ALDUQ
5,FALSE,100,5.5982,ALDUQ
5,FALSE,100,6.0637,ALDUQ
5,FALSE,100,6.178,ALDUQ
5,FALSE,100,5.8525,ALDUQ
5,FALSE,100,6.2769,ALDUQ
5,FALSE,100,5.9706,ALDUQ
5,FALSE,100,6.167,ALDUQ
5,FALSE,100,5.9982,ALDUQ
5,FALSE,100,5.9088,ALDUQ
5,FALSE,100,5.9512,ALDUQ
5,FALSE,100,6.3695,ALDUQ
5,FALSE,100,6.7936,ALDUQ
5,FALSE,100,6.4808,ALDUQ
5,FALSE,100,6.6067,ALDUQ
5,FALSE,150,10.8168,ALDUQ
5,FALSE,150,10.3986,ALDUQ
5,FALSE,150,11.331,ALDUQ
5,FALSE,150,10.6584,ALDUQ
5,FALSE,150,10.3604,ALDUQ
5,FALSE,150,10.7995,ALDUQ
5,FALSE,150,9.9277,ALDUQ
5,FALSE,150,12.7395,ALDUQ
5,FALSE,150,10.3334,ALDUQ
5,FALSE,150,10.435,ALDUQ
5,FALSE,150,10.8897,ALDUQ
5,FALSE,150,11.0861,ALDUQ
5,FALSE,150,11.0777,ALDUQ
5,FALSE,150,10.5803,ALDUQ
5,FALSE,150,11.3377,ALDUQ
5,FALSE,150,10.4745,ALDUQ
5,FALSE,150,10.6976,ALDUQ
5,FALSE,150,11.1876,ALDUQ
5,FALSE,150,11.7359,ALDUQ
5,FALSE,150,10.5362,ALDUQ
5,FALSE,150,10.1447,ALDUQ
5,FALSE,150,10.876,ALDUQ
5,FALSE,150,11.0206,ALDUQ
5,FALSE,150,10.8628,ALDUQ
5,FALSE,150,10.3474,ALDUQ
5,FALSE,150,10.5721,ALDUQ
5,FALSE,150,11.9226,ALDUQ
5,FALSE,150,10.8371,ALDUQ
5,FALSE,150,10.9423,ALDUQ
5,FALSE,150,10.5232,ALDUQ
5,FALSE,150,10.9323,ALDUQ
5,FALSE,150,10.4261,ALDUQ
5,FALSE,150,10.6466,ALDUQ
5,FALSE,150,10.5018,ALDUQ
5,FALSE,150,10.7508,ALDUQ
5,FALSE,150,10.5766,ALDUQ
5,FALSE,150,10.2851,ALDUQ
5,FALSE,150,10.2676,ALDUQ
5,FALSE,150,10.9047,ALDUQ
5,FALSE,150,10.7629,ALDUQ
5,FALSE,150,9.9764,ALDUQ
5,FALSE,150,10.8521,ALDUQ
5,FALSE,150,11.2805,ALDUQ
5,FALSE,150,10.0737,ALDUQ
5,FALSE,150,10.8937,ALDUQ
5,FALSE,150,10.2238,ALDUQ
5,FALSE,150,11.5404,ALDUQ
5,FALSE,150,10.8964,ALDUQ
5,FALSE,150,10.9665,ALDUQ
5,FALSE,150,11.9934,ALDUQ
5,FALSE,200,19.0757,ALDUQ
5,FALSE,200,18.3492,ALDUQ
5,FALSE,200,19.115,ALDUQ
5,FALSE,200,19.0273,ALDUQ
5,FALSE,200,18.33,ALDUQ
5,FALSE,200,19.4066,ALDUQ
5,FALSE,200,20.9813,ALDUQ
5,FALSE,200,17.7985,ALDUQ
5,FALSE,200,18.8684,ALDUQ
5,FALSE,200,18.2639,ALDUQ
5,FALSE,200,19.8035,ALDUQ
5,FALSE,200,19.8769,ALDUQ
5,FALSE,200,20.6348,ALDUQ
5,FALSE,200,20.0836,ALDUQ
5,FALSE,200,18.7608,ALDUQ
5,FALSE,200,19.4867,ALDUQ
5,FALSE,200,19.283,ALDUQ
5,FALSE,200,17.9869,ALDUQ
5,FALSE,200,20.8575,ALDUQ
5,FALSE,200,19.3972,ALDUQ
5,FALSE,200,19.1235,ALDUQ
5,FALSE,200,19.0677,ALDUQ
5,FALSE,200,18.795,ALDUQ
5,FALSE,200,18.6676,ALDUQ
5,FALSE,200,20.1285,ALDUQ
5,FALSE,200,19.8064,ALDUQ
5,FALSE,200,18.9215,ALDUQ
5,FALSE,200,22.2782,ALDUQ
5,FALSE,200,21.1272,ALDUQ
5,FALSE,200,19.527,ALDUQ
5,FALSE,200,18.2168,ALDUQ
5,FALSE,200,20.8703,ALDUQ
5,FALSE,200,19.5821,ALDUQ
5,FALSE,200,19.0632,ALDUQ
5,FALSE,200,19.4983,ALDUQ
5,FALSE,200,19.9592,ALDUQ
5,FALSE,200,19.3294,ALDUQ
5,FALSE,200,19.043,ALDUQ
5,FALSE,200,20.3239,ALDUQ
5,FALSE,200,19.3154,ALDUQ
5,FALSE,200,19.3719,ALDUQ
5,FALSE,200,18.8934,ALDUQ
5,FALSE,200,19.5587,ALDUQ
5,FALSE,200,18.228,ALDUQ
5,FALSE,200,19.4474,ALDUQ
5,FALSE,200,18.8089,ALDUQ
5,FALSE,200,20.1894,ALDUQ
5,FALSE,200,19.089,ALDUQ
5,FALSE,200,20.5446,ALDUQ
5,FALSE,200,18.5398,ALDUQ
5,FALSE,300,32.9985,ALDUQ
5,FALSE,300,33.9614,ALDUQ
5,FALSE,300,34.781,ALDUQ
5,FALSE,300,35.2839,ALDUQ
5,FALSE,300,34.4051,ALDUQ
5,FALSE,300,35.2614,ALDUQ
5,FALSE,300,33.7362,ALDUQ
5,FALSE,300,34.758,ALDUQ
5,FALSE,300,33.7038,ALDUQ
5,FALSE,300,33.9389,ALDUQ
5,FALSE,300,31.7843,ALDUQ
5,FALSE,300,34.6077,ALDUQ
5,FALSE,300,35.1219,ALDUQ
5,FALSE,300,35.651,ALDUQ
5,FALSE,300,35.2144,ALDUQ
5,FALSE,300,36.5533,ALDUQ
5,FALSE,300,34.7964,ALDUQ
5,FALSE,300,32.4044,ALDUQ
5,FALSE,300,33.5017,ALDUQ
5,FALSE,300,34.597,ALDUQ
5,FALSE,300,32.5753,ALDUQ
5,FALSE,300,32.9889,ALDUQ
5,FALSE,300,31.5612,ALDUQ
5,FALSE,300,33.7129,ALDUQ
5,FALSE,300,35.1197,ALDUQ
5,FALSE,300,35.8345,ALDUQ
5,FALSE,300,37.4594,ALDUQ
5,FALSE,300,34.3204,ALDUQ
5,FALSE,300,33.9739,ALDUQ
5,FALSE,300,31.8115,ALDUQ
5,FALSE,300,33.4452,ALDUQ
5,FALSE,300,35.9881,ALDUQ
5,FALSE,300,37.4738,ALDUQ
5,FALSE,300,33.6017,ALDUQ
5,FALSE,300,33.919,ALDUQ
5,FALSE,300,34.0442,ALDUQ
5,FALSE,300,33.4679,ALDUQ
5,FALSE,300,33.5118,ALDUQ
5,FALSE,300,34.9615,ALDUQ
5,FALSE,300,34.9843,ALDUQ
5,FALSE,300,34.8301,ALDUQ
5,FALSE,300,34.8176,ALDUQ
5,FALSE,300,35.982,ALDUQ
5,FALSE,300,32.9097,ALDUQ
5,FALSE,300,36.1301,ALDUQ
5,FALSE,300,32.7417,ALDUQ
5,FALSE,300,35.2949,ALDUQ
5,FALSE,300,34.5974,ALDUQ
5,FALSE,300,35.3773,ALDUQ
5,FALSE,300,33.9248,ALDUQ
5,FALSE,500,68.3132,ALDUQ
5,FALSE,500,73.371,ALDUQ
5,FALSE,500,75.3387,ALDUQ
5,FALSE,500,68.3551,ALDUQ
5,FALSE,500,70.9162,ALDUQ
5,FALSE,500,68.0597,ALDUQ
5,FALSE,500,73.0899,ALDUQ
5,FALSE,500,70.3605,ALDUQ
5,FALSE,500,69.9397,ALDUQ
5,FALSE,500,68.7007,ALDUQ
5,FALSE,500,65.238,ALDUQ
5,FALSE,500,68.5558,ALDUQ
5,FALSE,500,66.209,ALDUQ
5,FALSE,500,70.6333,ALDUQ
5,FALSE,500,65.4316,ALDUQ
5,FALSE,500,70.5702,ALDUQ
5,FALSE,500,68.537,ALDUQ
5,FALSE,500,69.2559,ALDUQ
5,FALSE,500,67.4278,ALDUQ
5,FALSE,500,72.11,ALDUQ
5,FALSE,500,66.3615,ALDUQ
5,FALSE,500,67.488,ALDUQ
5,FALSE,500,70.3055,ALDUQ
5,FALSE,500,70.5979,ALDUQ
5,FALSE,500,69.4172,ALDUQ
5,FALSE,500,67.3638,ALDUQ
5,FALSE,500,69.7332,ALDUQ
5,FALSE,500,67.8987,ALDUQ
5,FALSE,500,69.9102,ALDUQ
5,FALSE,500,69.0533,ALDUQ
5,FALSE,500,71.8401,ALDUQ
5,FALSE,500,75.0672,ALDUQ
5,FALSE,500,70.4624,ALDUQ
5,FALSE,500,68.6936,ALDUQ
5,FALSE,500,71.7698,ALDUQ
5,FALSE,500,70.2812,ALDUQ
5,FALSE,500,74.3524,ALDUQ
5,FALSE,500,65.6952,ALDUQ
5,FALSE,500,67.8104,ALDUQ
5,FALSE,500,69.075,ALDUQ
5,FALSE,500,74.553,ALDUQ
5,FALSE,500,66.4982,ALDUQ
5,FALSE,500,76.0345,ALDUQ
5,FALSE,500,70.1781,ALDUQ
5,FALSE,500,73.8966,ALDUQ
5,FALSE,500,68.9567,ALDUQ
5,FALSE,500,68.0732,ALDUQ
5,FALSE,500,67.8346,ALDUQ
5,FALSE,500,72.9475,ALDUQ
5,FALSE,500,86.5562,ALDUQ
5,TRUE,100,6.682,ALDUQ
5,TRUE,100,7.4717,ALDUQ
5,TRUE,100,8.2157,ALDUQ
5,TRUE,100,7.5475,ALDUQ
5,TRUE,100,7.1381,ALDUQ
5,TRUE,100,6.9979,ALDUQ
5,TRUE,100,7.5233,ALDUQ
5,TRUE,100,7.3847,ALDUQ
5,TRUE,100,7.1273,ALDUQ
5,TRUE,100,6.9121,ALDUQ
5,TRUE,100,6.8037,ALDUQ
5,TRUE,100,6.364,ALDUQ
5,TRUE,100,6.6173,ALDUQ
5,TRUE,100,6.2949,ALDUQ
5,TRUE,100,6.0233,ALDUQ
5,TRUE,100,6.0817,ALDUQ
5,TRUE,100,6.8604,ALDUQ
5,TRUE,100,6.3607,ALDUQ
5,TRUE,100,6.6945,ALDUQ
5,TRUE,100,6.4972,ALDUQ
5,TRUE,100,6.5934,ALDUQ
5,TRUE,100,6.153,ALDUQ
5,TRUE,100,6.4772,ALDUQ
5,TRUE,100,7.907,ALDUQ
5,TRUE,100,6.4129,ALDUQ
5,TRUE,100,6.7656,ALDUQ
5,TRUE,100,6.7161,ALDUQ
5,TRUE,100,7.178,ALDUQ
5,TRUE,100,6.2393,ALDUQ
5,TRUE,100,6.6943,ALDUQ
5,TRUE,100,6.5502,ALDUQ
5,TRUE,100,6.2823,ALDUQ
5,TRUE,100,6.1897,ALDUQ
5,TRUE,100,6.9618,ALDUQ
5,TRUE,100,6.4481,ALDUQ
5,TRUE,100,6.6123,ALDUQ
5,TRUE,100,6.5172,ALDUQ
5,TRUE,100,6.8077,ALDUQ
5,TRUE,100,6.314,ALDUQ
5,TRUE,100,6.4609,ALDUQ
5,TRUE,100,6.8435,ALDUQ
5,TRUE,100,6.3248,ALDUQ
5,TRUE,100,6.5698,ALDUQ
5,TRUE,100,6.1003,ALDUQ
5,TRUE,100,6.3297,ALDUQ
5,TRUE,100,7.0168,ALDUQ
5,TRUE,100,6.2735,ALDUQ
5,TRUE,100,6.8156,ALDUQ
5,TRUE,100,6.1836,ALDUQ
5,TRUE,100,6.1232,ALDUQ
5,TRUE,150,11.6891,ALDUQ
5,TRUE,150,11.9651,ALDUQ
5,TRUE,150,11.3827,ALDUQ
5,TRUE,150,11.4209,ALDUQ
5,TRUE,150,10.876,ALDUQ
5,TRUE,150,10.9233,ALDUQ
5,TRUE,150,11.9808,ALDUQ
5,TRUE,150,10.9768,ALDUQ
5,TRUE,150,11.1604,ALDUQ
5,TRUE,150,11.6195,ALDUQ
5,TRUE,150,10.7342,ALDUQ
5,TRUE,150,11.3952,ALDUQ
5,TRUE,150,11.7012,ALDUQ
5,TRUE,150,11.4578,ALDUQ
5,TRUE,150,11.5557,ALDUQ
5,TRUE,150,11.331,ALDUQ
5,TRUE,150,11.4135,ALDUQ
5,TRUE,150,11.3325,ALDUQ
5,TRUE,150,11.1977,ALDUQ
5,TRUE,150,11.0273,ALDUQ
5,TRUE,150,11.3377,ALDUQ
5,TRUE,150,11.3897,ALDUQ
5,TRUE,150,11.6786,ALDUQ
5,TRUE,150,11.1959,ALDUQ
5,TRUE,150,11.8813,ALDUQ
5,TRUE,150,11.7667,ALDUQ
5,TRUE,150,11.6269,ALDUQ
5,TRUE,150,11.9529,ALDUQ
5,TRUE,150,11.847,ALDUQ
5,TRUE,150,11.3607,ALDUQ
5,TRUE,150,11.2564,ALDUQ
5,TRUE,150,10.8384,ALDUQ
5,TRUE,150,11.6119,ALDUQ
5,TRUE,150,10.7504,ALDUQ
5,TRUE,150,10.8292,ALDUQ
5,TRUE,150,11.9676,ALDUQ
5,TRUE,150,11.6537,ALDUQ
5,TRUE,150,11.7802,ALDUQ
5,TRUE,150,11.5194,ALDUQ
5,TRUE,150,11.0441,ALDUQ
5,TRUE,150,11.5071,ALDUQ
5,TRUE,150,11.5537,ALDUQ
5,TRUE,150,11.5042,ALDUQ
5,TRUE,150,11.1838,ALDUQ
5,TRUE,150,11.5241,ALDUQ
5,TRUE,150,11.5835,ALDUQ
5,TRUE,150,11.3512,ALDUQ
5,TRUE,150,10.7382,ALDUQ
5,TRUE,150,10.5282,ALDUQ
5,TRUE,150,11.588,ALDUQ
5,TRUE,200,19.0313,ALDUQ
5,TRUE,200,20.5869,ALDUQ
5,TRUE,200,18.5754,ALDUQ
5,TRUE,200,18.3803,ALDUQ
5,TRUE,200,19.6825,ALDUQ
5,TRUE,200,18.7683,ALDUQ
5,TRUE,200,19.7336,ALDUQ
5,TRUE,200,19.2286,ALDUQ
5,TRUE,200,18.8593,ALDUQ
5,TRUE,200,19.2723,ALDUQ
5,TRUE,200,18.9025,ALDUQ
5,TRUE,200,19.1707,ALDUQ
5,TRUE,200,18.346,ALDUQ
5,TRUE,200,19.5637,ALDUQ
5,TRUE,200,17.9078,ALDUQ
5,TRUE,200,18.4441,ALDUQ
5,TRUE,200,19.487,ALDUQ
5,TRUE,200,18.8447,ALDUQ
5,TRUE,200,18.2265,ALDUQ
5,TRUE,200,21.4736,ALDUQ
5,TRUE,200,18.9987,ALDUQ
5,TRUE,200,19.5241,ALDUQ
5,TRUE,200,18.6762,ALDUQ
5,TRUE,200,19.2455,ALDUQ
5,TRUE,200,18.4619,ALDUQ
5,TRUE,200,19.3193,ALDUQ
5,TRUE,200,18.1479,ALDUQ
5,TRUE,200,18.7792,ALDUQ
5,TRUE,200,19.7969,ALDUQ
5,TRUE,200,17.9483,ALDUQ
5,TRUE,200,19.864,ALDUQ
5,TRUE,200,18.7934,ALDUQ
5,TRUE,200,19.0498,ALDUQ
5,TRUE,200,17.7692,ALDUQ
5,TRUE,200,18.9229,ALDUQ
5,TRUE,200,18.6839,ALDUQ
5,TRUE,200,19.4444,ALDUQ
5,TRUE,200,19.6431,ALDUQ
5,TRUE,200,19.1745,ALDUQ
5,TRUE,200,19.6604,ALDUQ
5,TRUE,200,19.0534,ALDUQ
5,TRUE,200,18.944,ALDUQ
5,TRUE,200,19.5939,ALDUQ
5,TRUE,200,18.4418,ALDUQ
5,TRUE,200,17.8801,ALDUQ
5,TRUE,200,18.4986,ALDUQ
5,TRUE,200,19.0372,ALDUQ
5,TRUE,200,19.1749,ALDUQ
5,TRUE,200,20.5327,ALDUQ
5,TRUE,200,18.971,ALDUQ
5,TRUE,300,34.1339,ALDUQ
5,TRUE,300,32.3362,ALDUQ
5,TRUE,300,34.8727,ALDUQ
5,TRUE,300,33.9402,ALDUQ
5,TRUE,300,32.7506,ALDUQ
5,TRUE,300,34.2055,ALDUQ
5,TRUE,300,33.9167,ALDUQ
5,TRUE,300,35.3439,ALDUQ
5,TRUE,300,36.84,ALDUQ
5,TRUE,300,35.035,ALDUQ
5,TRUE,300,32.744,ALDUQ
5,TRUE,300,34.9928,ALDUQ
5,TRUE,300,33.4637,ALDUQ
5,TRUE,300,31.9246,ALDUQ
5,TRUE,300,33.0259,ALDUQ
5,TRUE,300,35.8982,ALDUQ
5,TRUE,300,34.5817,ALDUQ
5,TRUE,300,36.2404,ALDUQ
5,TRUE,300,35.0088,ALDUQ
5,TRUE,300,34.7513,ALDUQ
5,TRUE,300,38.2578,ALDUQ
5,TRUE,300,38.1042,ALDUQ
5,TRUE,300,35.4585,ALDUQ
5,TRUE,300,34.9614,ALDUQ
5,TRUE,300,38.8553,ALDUQ
5,TRUE,300,34.9012,ALDUQ
5,TRUE,300,34.4325,ALDUQ
5,TRUE,300,34.8834,ALDUQ
5,TRUE,300,38.9395,ALDUQ
5,TRUE,300,41.5163,ALDUQ
5,TRUE,300,40.9852,ALDUQ
5,TRUE,300,41.6073,ALDUQ
5,TRUE,300,36.6313,ALDUQ
5,TRUE,300,35.4754,ALDUQ
5,TRUE,300,38.5297,ALDUQ
5,TRUE,300,34.6837,ALDUQ
5,TRUE,300,32.5699,ALDUQ
5,TRUE,300,34.5329,ALDUQ
5,TRUE,300,43.0393,ALDUQ
5,TRUE,300,39.7049,ALDUQ
5,TRUE,300,38.1956,ALDUQ
5,TRUE,300,37.9174,ALDUQ
5,TRUE,300,34.9505,ALDUQ
5,TRUE,300,42.6871,ALDUQ
5,TRUE,300,41.9715,ALDUQ
5,TRUE,300,43.5483,ALDUQ
5,TRUE,300,47.2165,ALDUQ
5,TRUE,300,38.5236,ALDUQ
5,TRUE,300,39.6193,ALDUQ
5,TRUE,300,36.6976,ALDUQ
5,TRUE,500,86.5568,ALDUQ
5,TRUE,500,78.055,ALDUQ
5,TRUE,500,76.8697,ALDUQ
5,TRUE,500,78.468,ALDUQ
5,TRUE,500,79.4967,ALDUQ
5,TRUE,500,86.8739,ALDUQ
5,TRUE,500,115.797,ALDUQ
5,TRUE,500,92.8305,ALDUQ
5,TRUE,500,89.8069,ALDUQ
5,TRUE,500,88.6401,ALDUQ
5,TRUE,500,83.5019,ALDUQ
5,TRUE,500,69.0372,ALDUQ
5,TRUE,500,83.3412,ALDUQ
5,TRUE,500,81.151,ALDUQ
5,TRUE,500,85.5303,ALDUQ
5,TRUE,500,85.3879,ALDUQ
5,TRUE,500,88.5628,ALDUQ
5,TRUE,500,71.4956,ALDUQ
5,TRUE,500,69.4068,ALDUQ
5,TRUE,500,72.349,ALDUQ
5,TRUE,500,72.5737,ALDUQ
5,TRUE,500,83.9517,ALDUQ
5,TRUE,500,83.3468,ALDUQ
5,TRUE,500,89.3393,ALDUQ
5,TRUE,500,85.2257,ALDUQ
5,TRUE,500,85.3437,ALDUQ
5,TRUE,500,77.1329,ALDUQ
5,TRUE,500,86.6551,ALDUQ
5,TRUE,500,81.0897,ALDUQ
5,TRUE,500,75.3771,ALDUQ
5,TRUE,500,88.145,ALDUQ
5,TRUE,500,87.9569,ALDUQ
5,TRUE,500,86.5529,ALDUQ
5,TRUE,500,82.8707,ALDUQ
5,TRUE,500,81.0342,ALDUQ
5,TRUE,500,79.3054,ALDUQ
5,TRUE,500,83.9126,ALDUQ
5,TRUE,500,83.465,ALDUQ
5,TRUE,500,82.7282,ALDUQ
5,TRUE,500,82.3607,ALDUQ
5,TRUE,500,83.3409,ALDUQ
5,TRUE,500,88.031,ALDUQ
5,TRUE,500,84.736,ALDUQ
5,TRUE,500,96.7796,ALDUQ
5,TRUE,500,82.2037,ALDUQ
5,TRUE,500,89.9104,ALDUQ
5,TRUE,500,86.212,ALDUQ
5,TRUE,500,77.8586,ALDUQ
5,TRUE,500,95.495,ALDUQ
5,TRUE,500,87.4247,ALDUQ
6,FALSE,100,6.6932,ALDUQ
6,FALSE,100,6.8279,ALDUQ
6,FALSE,100,7.7836,ALDUQ
6,FALSE,100,7.1117,ALDUQ
6,FALSE,100,6.6722,ALDUQ
6,FALSE,100,6.4765,ALDUQ
6,FALSE,100,6.428,ALDUQ
6,FALSE,100,6.6939,ALDUQ
6,FALSE,100,6.7522,ALDUQ
6,FALSE,100,6.1349,ALDUQ
6,FALSE,100,6.8251,ALDUQ
6,FALSE,100,6.6915,ALDUQ
6,FALSE,100,6.6795,ALDUQ
6,FALSE,100,6.4683,ALDUQ
6,FALSE,100,6.2881,ALDUQ
6,FALSE,100,6.3332,ALDUQ
6,FALSE,100,6.3136,ALDUQ
6,FALSE,100,6.3575,ALDUQ
6,FALSE,100,6.5055,ALDUQ
6,FALSE,100,6.5572,ALDUQ
6,FALSE,100,6.2265,ALDUQ
6,FALSE,100,6.8707,ALDUQ
6,FALSE,100,6.6815,ALDUQ
6,FALSE,100,6.4756,ALDUQ
6,FALSE,100,6.6107,ALDUQ
6,FALSE,100,6.4194,ALDUQ
6,FALSE,100,6.5822,ALDUQ
6,FALSE,100,6.4156,ALDUQ
6,FALSE,100,6.2616,ALDUQ
6,FALSE,100,6.2432,ALDUQ
6,FALSE,100,6.4367,ALDUQ
6,FALSE,100,6.7585,ALDUQ
6,FALSE,100,6.4229,ALDUQ
6,FALSE,100,6.3123,ALDUQ
6,FALSE,100,6.2977,ALDUQ
6,FALSE,100,6.0783,ALDUQ
6,FALSE,100,6.5279,ALDUQ
6,FALSE,100,6.4572,ALDUQ
6,FALSE,100,6.8072,ALDUQ
6,FALSE,100,6.2983,ALDUQ
6,FALSE,100,6.2146,ALDUQ
6,FALSE,100,6.6381,ALDUQ
6,FALSE,100,6.3918,ALDUQ
6,FALSE,100,6.1856,ALDUQ
6,FALSE,100,6.4374,ALDUQ
6,FALSE,100,6.2374,ALDUQ
6,FALSE,100,6.9719,ALDUQ
6,FALSE,100,6.6225,ALDUQ
6,FALSE,100,6.0157,ALDUQ
6,FALSE,100,6.498,ALDUQ
6,FALSE,150,11.2943,ALDUQ
6,FALSE,150,11.1642,ALDUQ
6,FALSE,150,11.1957,ALDUQ
6,FALSE,150,11.5117,ALDUQ
6,FALSE,150,12.0286,ALDUQ
6,FALSE,150,11.1249,ALDUQ
6,FALSE,150,11.6028,ALDUQ
6,FALSE,150,11.1382,ALDUQ
6,FALSE,150,12.1455,ALDUQ
6,FALSE,150,11.0757,ALDUQ
6,FALSE,150,11.2023,ALDUQ
6,FALSE,150,11.2171,ALDUQ
6,FALSE,150,11.3241,ALDUQ
6,FALSE,150,11.8096,ALDUQ
6,FALSE,150,10.8781,ALDUQ
6,FALSE,150,11.9309,ALDUQ
6,FALSE,150,12.1656,ALDUQ
6,FALSE,150,11.3663,ALDUQ
6,FALSE,150,11.0171,ALDUQ
6,FALSE,150,11.2185,ALDUQ
6,FALSE,150,11.0166,ALDUQ
6,FALSE,150,11.051,ALDUQ
6,FALSE,150,11.9144,ALDUQ
6,FALSE,150,11.2127,ALDUQ
6,FALSE,150,11.4449,ALDUQ
6,FALSE,150,11.3327,ALDUQ
6,FALSE,150,12.0404,ALDUQ
6,FALSE,150,11.1676,ALDUQ
6,FALSE,150,11.0737,ALDUQ
6,FALSE,150,11.933,ALDUQ
6,FALSE,150,11.3673,ALDUQ
6,FALSE,150,11.3403,ALDUQ
6,FALSE,150,11.4161,ALDUQ
6,FALSE,150,12.0837,ALDUQ
6,FALSE,150,11.2568,ALDUQ
6,FALSE,150,10.039,ALDUQ
6,FALSE,150,11.5689,ALDUQ
6,FALSE,150,11.4164,ALDUQ
6,FALSE,150,11.1815,ALDUQ
6,FALSE,150,11.0724,ALDUQ
6,FALSE,150,11.451,ALDUQ
6,FALSE,150,11.4684,ALDUQ
6,FALSE,150,10.9748,ALDUQ
6,FALSE,150,11.4471,ALDUQ
6,FALSE,150,11.5577,ALDUQ
6,FALSE,150,11.2246,ALDUQ
6,FALSE,150,11.8227,ALDUQ
6,FALSE,150,10.9721,ALDUQ
6,FALSE,150,10.7899,ALDUQ
6,FALSE,150,11.1822,ALDUQ
6,FALSE,200,19.3566,ALDUQ
6,FALSE,200,18.8233,ALDUQ
6,FALSE,200,18.7285,ALDUQ
6,FALSE,200,18.2115,ALDUQ
6,FALSE,200,20.0536,ALDUQ
6,FALSE,200,19.3217,ALDUQ
6,FALSE,200,19.3422,ALDUQ
6,FALSE,200,19.2739,ALDUQ
6,FALSE,200,18.4998,ALDUQ
6,FALSE,200,20.2927,ALDUQ
6,FALSE,200,19.0143,ALDUQ
6,FALSE,200,34.305,ALDUQ
6,FALSE,200,22.1471,ALDUQ
6,FALSE,200,33.0388,ALDUQ
6,FALSE,200,19.9218,ALDUQ
6,FALSE,200,23.3606,ALDUQ
6,FALSE,200,87.7537,ALDUQ
6,FALSE,200,27.2809,ALDUQ
6,FALSE,200,106.8706,ALDUQ
6,FALSE,200,108.4472,ALDUQ
6,FALSE,200,84.6742,ALDUQ
6,FALSE,200,22.6033,ALDUQ
6,FALSE,200,25.8358,ALDUQ
6,FALSE,200,25.3467,ALDUQ
6,FALSE,200,18.9955,ALDUQ
6,FALSE,200,18.744,ALDUQ
6,FALSE,200,31.4322,ALDUQ
6,FALSE,200,59.6983,ALDUQ
6,FALSE,200,33.7656,ALDUQ
6,FALSE,200,23.9027,ALDUQ
6,FALSE,200,29.2405,ALDUQ
6,FALSE,200,21.5117,ALDUQ
6,FALSE,200,20.0382,ALDUQ
6,FALSE,200,28.3737,ALDUQ
6,FALSE,200,27.7902,ALDUQ
6,FALSE,200,22.5548,ALDUQ
6,FALSE,200,21.8673,ALDUQ
6,FALSE,200,21.2025,ALDUQ
6,FALSE,200,19.6367,ALDUQ
6,FALSE,200,19.5652,ALDUQ
6,FALSE,200,18.7194,ALDUQ
6,FALSE,200,18.5972,ALDUQ
6,FALSE,200,19.4667,ALDUQ
6,FALSE,200,19.1777,ALDUQ
6,FALSE,200,19.4601,ALDUQ
6,FALSE,200,19.6415,ALDUQ
6,FALSE,200,20.0659,ALDUQ
6,FALSE,200,19.5004,ALDUQ
6,FALSE,200,18.8019,ALDUQ
6,FALSE,200,18.5462,ALDUQ
6,FALSE,300,35.1852,ALDUQ
6,FALSE,300,36.5711,ALDUQ
6,FALSE,300,34.4909,ALDUQ
6,FALSE,300,32.4121,ALDUQ
6,FALSE,300,34.5217,ALDUQ
6,FALSE,300,34.2588,ALDUQ
6,FALSE,300,33.7904,ALDUQ
6,FALSE,300,32.9044,ALDUQ
6,FALSE,300,34.2722,ALDUQ
6,FALSE,300,34.8652,ALDUQ
6,FALSE,300,36.2399,ALDUQ
6,FALSE,300,33.9031,ALDUQ
6,FALSE,300,33.4884,ALDUQ
6,FALSE,300,36.159,ALDUQ
6,FALSE,300,33.4213,ALDUQ
6,FALSE,300,35.4425,ALDUQ
6,FALSE,300,37.2779,ALDUQ
6,FALSE,300,36.8582,ALDUQ
6,FALSE,300,36.0171,ALDUQ
6,FALSE,300,33.2674,ALDUQ
6,FALSE,300,35.579,ALDUQ
6,FALSE,300,33.3684,ALDUQ
6,FALSE,300,34.8034,ALDUQ
6,FALSE,300,33.3173,ALDUQ
6,FALSE,300,32.311,ALDUQ
6,FALSE,300,36.5482,ALDUQ
6,FALSE,300,33.7085,ALDUQ
6,FALSE,300,36.1381,ALDUQ
6,FALSE,300,34.8633,ALDUQ
6,FALSE,300,33.1627,ALDUQ
6,FALSE,300,34.1192,ALDUQ
6,FALSE,300,32.0244,ALDUQ
6,FALSE,300,31.5226,ALDUQ
6,FALSE,300,33.636,ALDUQ
6,FALSE,300,32.3563,ALDUQ
6,FALSE,300,31.7261,ALDUQ
6,FALSE,300,36.2987,ALDUQ
6,FALSE,300,34.8867,ALDUQ
6,FALSE,300,35.1115,ALDUQ
6,FALSE,300,34.02,ALDUQ
6,FALSE,300,31.3496,ALDUQ
6,FALSE,300,35.9512,ALDUQ
6,FALSE,300,33.8521,ALDUQ
6,FALSE,300,35.9041,ALDUQ
6,FALSE,300,34.1438,ALDUQ
6,FALSE,300,34.3561,ALDUQ
6,FALSE,300,32.0444,ALDUQ
6,FALSE,300,34.287,ALDUQ
6,FALSE,300,35.7536,ALDUQ
6,FALSE,300,31.7827,ALDUQ
6,FALSE,500,69.9585,ALDUQ
6,FALSE,500,71.1663,ALDUQ
6,FALSE,500,71.5769,ALDUQ
6,FALSE,500,70.0504,ALDUQ
6,FALSE,500,69.5809,ALDUQ
6,FALSE,500,71.2539,ALDUQ
6,FALSE,500,67.468,ALDUQ
6,FALSE,500,69.8746,ALDUQ
6,FALSE,500,70.5389,ALDUQ
6,FALSE,500,72.2744,ALDUQ
6,FALSE,500,73.9571,ALDUQ
6,FALSE,500,67.9854,ALDUQ
6,FALSE,500,69.1955,ALDUQ
6,FALSE,500,73.0247,ALDUQ
6,FALSE,500,74.1756,ALDUQ
6,FALSE,500,71.4604,ALDUQ
6,FALSE,500,73.3468,ALDUQ
6,FALSE,500,68.3693,ALDUQ
6,FALSE,500,65.3727,ALDUQ
6,FALSE,500,70.5648,ALDUQ
6,FALSE,500,69.0192,ALDUQ
6,FALSE,500,70.0581,ALDUQ
6,FALSE,500,71.9403,ALDUQ
6,FALSE,500,66.479,ALDUQ
6,FALSE,500,71.9629,ALDUQ
6,FALSE,500,74.3354,ALDUQ
6,FALSE,500,72.8718,ALDUQ
6,FALSE,500,72.6146,ALDUQ
6,FALSE,500,71.2697,ALDUQ
6,FALSE,500,73.9378,ALDUQ
6,FALSE,500,76.2513,ALDUQ
6,FALSE,500,71.0173,ALDUQ
6,FALSE,500,73.0815,ALDUQ
6,FALSE,500,65.6901,ALDUQ
6,FALSE,500,72.3484,ALDUQ
6,FALSE,500,69.7443,ALDUQ
6,FALSE,500,74.4431,ALDUQ
6,FALSE,500,71.4376,ALDUQ
6,FALSE,500,72.8115,ALDUQ
6,FALSE,500,68.3964,ALDUQ
6,FALSE,500,65.3761,ALDUQ
6,FALSE,500,68.3167,ALDUQ
6,FALSE,500,65.7999,ALDUQ
6,FALSE,500,69.3202,ALDUQ
6,FALSE,500,72.6499,ALDUQ
6,FALSE,500,72.461,ALDUQ
6,FALSE,500,69.2237,ALDUQ
6,FALSE,500,68.2633,ALDUQ
6,FALSE,500,73.1409,ALDUQ
6,FALSE,500,69.3944,ALDUQ
6,TRUE,100,6.0699,ALDUQ
6,TRUE,100,6.2713,ALDUQ
6,TRUE,100,6.2897,ALDUQ
6,TRUE,100,6.5393,ALDUQ
6,TRUE,100,6.1902,ALDUQ
6,TRUE,100,6.2196,ALDUQ
6,TRUE,100,5.9925,ALDUQ
6,TRUE,100,6.1281,ALDUQ
6,TRUE,100,6.1062,ALDUQ
6,TRUE,100,6.1838,ALDUQ
6,TRUE,100,6.0884,ALDUQ
6,TRUE,100,6.029,ALDUQ
6,TRUE,100,6.2577,ALDUQ
6,TRUE,100,5.9186,ALDUQ
6,TRUE,100,6.156,ALDUQ
6,TRUE,100,6.2047,ALDUQ
6,TRUE,100,6.7003,ALDUQ
6,TRUE,100,6.6808,ALDUQ
6,TRUE,100,6.4661,ALDUQ
6,TRUE,100,6.3632,ALDUQ
6,TRUE,100,5.9088,ALDUQ
6,TRUE,100,6.1073,ALDUQ
6,TRUE,100,6.1085,ALDUQ
6,TRUE,100,6.2024,ALDUQ
6,TRUE,100,6.2267,ALDUQ
6,TRUE,100,6.3077,ALDUQ
6,TRUE,100,6.4755,ALDUQ
6,TRUE,100,6.1026,ALDUQ
6,TRUE,100,5.9919,ALDUQ
6,TRUE,100,6.1448,ALDUQ
6,TRUE,100,6.0129,ALDUQ
6,TRUE,100,6.1541,ALDUQ
6,TRUE,100,6.5108,ALDUQ
6,TRUE,100,6.0071,ALDUQ
6,TRUE,100,6.4601,ALDUQ
6,TRUE,100,5.8631,ALDUQ
6,TRUE,100,6.2286,ALDUQ
6,TRUE,100,6.6836,ALDUQ
6,TRUE,100,6.4298,ALDUQ
6,TRUE,100,6.2453,ALDUQ
6,TRUE,100,6.5599,ALDUQ
6,TRUE,100,6.4946,ALDUQ
6,TRUE,100,6.4264,ALDUQ
6,TRUE,100,6.4119,ALDUQ
6,TRUE,100,6.3385,ALDUQ
6,TRUE,100,6.3634,ALDUQ
6,TRUE,100,6.6715,ALDUQ
6,TRUE,100,6.6584,ALDUQ
6,TRUE,100,6.4841,ALDUQ
6,TRUE,100,6.1131,ALDUQ
6,TRUE,150,11.2088,ALDUQ
6,TRUE,150,12.0044,ALDUQ
6,TRUE,150,10.9253,ALDUQ
6,TRUE,150,11.452,ALDUQ
6,TRUE,150,11.5659,ALDUQ
6,TRUE,150,11.2775,ALDUQ
6,TRUE,150,10.9616,ALDUQ
6,TRUE,150,10.7755,ALDUQ
6,TRUE,150,10.8464,ALDUQ
6,TRUE,150,10.8099,ALDUQ
6,TRUE,150,11.1384,ALDUQ
6,TRUE,150,11.503,ALDUQ
6,TRUE,150,11.6107,ALDUQ
6,TRUE,150,11.6019,ALDUQ
6,TRUE,150,11.7318,ALDUQ
6,TRUE,150,11.1149,ALDUQ
6,TRUE,150,11.0605,ALDUQ
6,TRUE,150,11.1892,ALDUQ
6,TRUE,150,11.4359,ALDUQ
6,TRUE,150,11.3939,ALDUQ
6,TRUE,150,11.0379,ALDUQ
6,TRUE,150,11.0805,ALDUQ
6,TRUE,150,11.3912,ALDUQ
6,TRUE,150,10.5066,ALDUQ
6,TRUE,150,11.1052,ALDUQ
6,TRUE,150,10.8703,ALDUQ
6,TRUE,150,11.1784,ALDUQ
6,TRUE,150,11.0652,ALDUQ
6,TRUE,150,11.8913,ALDUQ
6,TRUE,150,11.2034,ALDUQ
6,TRUE,150,11.0296,ALDUQ
6,TRUE,150,11.2092,ALDUQ
6,TRUE,150,11.2077,ALDUQ
6,TRUE,150,11.0078,ALDUQ
6,TRUE,150,11.2651,ALDUQ
6,TRUE,150,11.1572,ALDUQ
6,TRUE,150,11.1594,ALDUQ
6,TRUE,150,11.3047,ALDUQ
6,TRUE,150,11.7675,ALDUQ
6,TRUE,150,11.5857,ALDUQ
6,TRUE,150,11.3785,ALDUQ
6,TRUE,150,10.7966,ALDUQ
6,TRUE,150,11.335,ALDUQ
6,TRUE,150,11.4231,ALDUQ
6,TRUE,150,11.1924,ALDUQ
6,TRUE,150,11.8246,ALDUQ
6,TRUE,150,11.733,ALDUQ
6,TRUE,150,10.9824,ALDUQ
6,TRUE,150,11.361,ALDUQ
6,TRUE,150,11.709,ALDUQ
6,TRUE,200,18.0387,ALDUQ
6,TRUE,200,17.8697,ALDUQ
6,TRUE,200,19.5013,ALDUQ
6,TRUE,200,19.6481,ALDUQ
6,TRUE,200,18.6855,ALDUQ
6,TRUE,200,19.573,ALDUQ
6,TRUE,200,19.6105,ALDUQ
6,TRUE,200,17.2222,ALDUQ
6,TRUE,200,18.6154,ALDUQ
6,TRUE,200,18.9561,ALDUQ
6,TRUE,200,17.8649,ALDUQ
6,TRUE,200,18.2109,ALDUQ
6,TRUE,200,19.0429,ALDUQ
6,TRUE,200,18.8074,ALDUQ
6,TRUE,200,17.6614,ALDUQ
6,TRUE,200,19.0045,ALDUQ
6,TRUE,200,18.1436,ALDUQ
6,TRUE,200,18.0334,ALDUQ
6,TRUE,200,18.6395,ALDUQ
6,TRUE,200,18.4248,ALDUQ
6,TRUE,200,18.1894,ALDUQ
6,TRUE,200,19.4857,ALDUQ
6,TRUE,200,19.47,ALDUQ
6,TRUE,200,19.3876,ALDUQ
6,TRUE,200,18.6311,ALDUQ
6,TRUE,200,19.5758,ALDUQ
6,TRUE,200,18.4618,ALDUQ
6,TRUE,200,18.2113,ALDUQ
6,TRUE,200,18.2763,ALDUQ
6,TRUE,200,19.2924,ALDUQ
6,TRUE,200,19.6584,ALDUQ
6,TRUE,200,19.1567,ALDUQ
6,TRUE,200,18.7253,ALDUQ
6,TRUE,200,17.8177,ALDUQ
6,TRUE,200,19.7971,ALDUQ
6,TRUE,200,18.0395,ALDUQ
6,TRUE,200,19.29,ALDUQ
6,TRUE,200,19.1788,ALDUQ
6,TRUE,200,18.4101,ALDUQ
6,TRUE,200,18.9504,ALDUQ
6,TRUE,200,18.4774,ALDUQ
6,TRUE,200,20.146,ALDUQ
6,TRUE,200,18.7523,ALDUQ
6,TRUE,200,18.5748,ALDUQ
6,TRUE,200,18.4743,ALDUQ
6,TRUE,200,18.4349,ALDUQ
6,TRUE,200,19.6212,ALDUQ
6,TRUE,200,19.2953,ALDUQ
6,TRUE,200,20.6424,ALDUQ
6,TRUE,200,19.318,ALDUQ
6,TRUE,300,31.9567,ALDUQ
6,TRUE,300,31.4226,ALDUQ
6,TRUE,300,33.3593,ALDUQ
6,TRUE,300,32.217,ALDUQ
6,TRUE,300,34.1002,ALDUQ
6,TRUE,300,35.5741,ALDUQ
6,TRUE,300,34.2273,ALDUQ
6,TRUE,300,32.6025,ALDUQ
6,TRUE,300,34.6752,ALDUQ
6,TRUE,300,31.9666,ALDUQ
6,TRUE,300,35.3138,ALDUQ
6,TRUE,300,33.1637,ALDUQ
6,TRUE,300,32.9722,ALDUQ
6,TRUE,300,36.4172,ALDUQ
6,TRUE,300,33.2371,ALDUQ
6,TRUE,300,36.027,ALDUQ
6,TRUE,300,33.7136,ALDUQ
6,TRUE,300,35.5535,ALDUQ
6,TRUE,300,33.754,ALDUQ
6,TRUE,300,33.2323,ALDUQ
6,TRUE,300,36.7754,ALDUQ
6,TRUE,300,34.1091,ALDUQ
6,TRUE,300,33.3931,ALDUQ
6,TRUE,300,35.6818,ALDUQ
6,TRUE,300,36.5497,ALDUQ
6,TRUE,300,32.767,ALDUQ
6,TRUE,300,35.8657,ALDUQ
6,TRUE,300,33.4029,ALDUQ
6,TRUE,300,34.9787,ALDUQ
6,TRUE,300,33.0043,ALDUQ
6,TRUE,300,33.4196,ALDUQ
6,TRUE,300,31.5861,ALDUQ
6,TRUE,300,32.7447,ALDUQ
6,TRUE,300,33.3199,ALDUQ
6,TRUE,300,35.6928,ALDUQ
6,TRUE,300,37.8074,ALDUQ
6,TRUE,300,33.3415,ALDUQ
6,TRUE,300,35.9307,ALDUQ
6,TRUE,300,31.7899,ALDUQ
6,TRUE,300,34.3051,ALDUQ
6,TRUE,300,33.0271,ALDUQ
6,TRUE,300,34.3877,ALDUQ
6,TRUE,300,33.8112,ALDUQ
6,TRUE,300,35.4624,ALDUQ
6,TRUE,300,33.4657,ALDUQ
6,TRUE,300,39.0085,ALDUQ
6,TRUE,300,34.3897,ALDUQ
6,TRUE,300,35.8733,ALDUQ
6,TRUE,300,33.1315,ALDUQ
6,TRUE,300,33.4611,ALDUQ
6,TRUE,500,70.2939,ALDUQ
6,TRUE,500,73.4931,ALDUQ
6,TRUE,500,69.9926,ALDUQ
6,TRUE,500,74.9276,ALDUQ
6,TRUE,500,73.4591,ALDUQ
6,TRUE,500,76.961,ALDUQ
6,TRUE,500,74.8902,ALDUQ
6,TRUE,500,65.1878,ALDUQ
6,TRUE,500,67.7987,ALDUQ
6,TRUE,500,65.0472,ALDUQ
6,TRUE,500,69.5725,ALDUQ
6,TRUE,500,69.8098,ALDUQ
6,TRUE,500,69.9972,ALDUQ
6,TRUE,500,70.3786,ALDUQ
6,TRUE,500,71.5955,ALDUQ
6,TRUE,500,69.7242,ALDUQ
6,TRUE,500,73.0921,ALDUQ
6,TRUE,500,71.0079,ALDUQ
6,TRUE,500,70.6356,ALDUQ
6,TRUE,500,71.5517,ALDUQ
6,TRUE,500,65.1424,ALDUQ
6,TRUE,500,66.7322,ALDUQ
6,TRUE,500,70.7714,ALDUQ
6,TRUE,500,71.4396,ALDUQ
6,TRUE,500,66.0996,ALDUQ
6,TRUE,500,68.9335,ALDUQ
6,TRUE,500,72.5239,ALDUQ
6,TRUE,500,66.3241,ALDUQ
6,TRUE,500,74.6807,ALDUQ
6,TRUE,500,73.3809,ALDUQ
6,TRUE,500,69.3944,ALDUQ
6,TRUE,500,67.8698,ALDUQ
6,TRUE,500,63.8418,ALDUQ
6,TRUE,500,71.7904,ALDUQ
6,TRUE,500,70.479,ALDUQ
6,TRUE,500,77.6416,ALDUQ
6,TRUE,500,73.3385,ALDUQ
6,TRUE,500,67.748,ALDUQ
6,TRUE,500,65.9844,ALDUQ
6,TRUE,500,69.4576,ALDUQ
6,TRUE,500,70.0336,ALDUQ
6,TRUE,500,69.9,ALDUQ
6,TRUE,500,65.0807,ALDUQ
6,TRUE,500,72.1483,ALDUQ
6,TRUE,500,69.8947,ALDUQ
6,TRUE,500,66.629,ALDUQ
6,TRUE,500,70.633,ALDUQ
6,TRUE,500,68.9397,ALDUQ
6,TRUE,500,67.3382,ALDUQ
6,TRUE,500,74.0581,ALDUQ
